,path_list,embed_id
0,graphs_combined/CPC005_A375_24H_BRD-K27305650-003-01-4_10/graph_1.csv,CPC005_A375_24H_BRD-K27305650-003-01-4_10_emb_1
1,graphs_combined/CPC005_A375_24H_BRD-K27305650-003-01-4_10/graph_10.csv,CPC005_A375_24H_BRD-K27305650-003-01-4_10_emb_10
2,graphs_combined/CPC005_A375_24H_BRD-K27305650-003-01-4_10/graph_100.csv,CPC005_A375_24H_BRD-K27305650-003-01-4_10_emb_100
3,graphs_combined/CPC005_A375_24H_BRD-K27305650-003-01-4_10/graph_11.csv,CPC005_A375_24H_BRD-K27305650-003-01-4_10_emb_11
4,graphs_combined/CPC005_A375_24H_BRD-K27305650-003-01-4_10/graph_12.csv,CPC005_A375_24H_BRD-K27305650-003-01-4_10_emb_12
5,graphs_combined/CPC005_A375_24H_BRD-K27305650-003-01-4_10/graph_13.csv,CPC005_A375_24H_BRD-K27305650-003-01-4_10_emb_13
6,graphs_combined/CPC005_A375_24H_BRD-K27305650-003-01-4_10/graph_14.csv,CPC005_A375_24H_BRD-K27305650-003-01-4_10_emb_14
7,graphs_combined/CPC005_A375_24H_BRD-K27305650-003-01-4_10/graph_15.csv,CPC005_A375_24H_BRD-K27305650-003-01-4_10_emb_15
8,graphs_combined/CPC005_A375_24H_BRD-K27305650-003-01-4_10/graph_16.csv,CPC005_A375_24H_BRD-K27305650-003-01-4_10_emb_16
9,graphs_combined/CPC005_A375_24H_BRD-K27305650-003-01-4_10/graph_17.csv,CPC005_A375_24H_BRD-K27305650-003-01-4_10_emb_17
10,graphs_combined/CPC006_MCF7_6H_BRD-A79465854-001-01-3_10/graph_1.csv,CPC006_MCF7_6H_BRD-A79465854-001-01-3_10_emb_1
11,graphs_combined/CPC006_MCF7_6H_BRD-A79465854-001-01-3_10/graph_10.csv,CPC006_MCF7_6H_BRD-A79465854-001-01-3_10_emb_10
12,graphs_combined/CPC006_MCF7_6H_BRD-A79465854-001-01-3_10/graph_100.csv,CPC006_MCF7_6H_BRD-A79465854-001-01-3_10_emb_100
13,graphs_combined/CPC006_MCF7_6H_BRD-A79465854-001-01-3_10/graph_11.csv,CPC006_MCF7_6H_BRD-A79465854-001-01-3_10_emb_11
14,graphs_combined/CPC006_MCF7_6H_BRD-A79465854-001-01-3_10/graph_12.csv,CPC006_MCF7_6H_BRD-A79465854-001-01-3_10_emb_12
15,graphs_combined/CPC006_MCF7_6H_BRD-A79465854-001-01-3_10/graph_13.csv,CPC006_MCF7_6H_BRD-A79465854-001-01-3_10_emb_13
16,graphs_combined/CPC006_MCF7_6H_BRD-A79465854-001-01-3_10/graph_14.csv,CPC006_MCF7_6H_BRD-A79465854-001-01-3_10_emb_14
17,graphs_combined/CPC006_MCF7_6H_BRD-A79465854-001-01-3_10/graph_15.csv,CPC006_MCF7_6H_BRD-A79465854-001-01-3_10_emb_15
18,graphs_combined/CPC006_MCF7_6H_BRD-A79465854-001-01-3_10/graph_16.csv,CPC006_MCF7_6H_BRD-A79465854-001-01-3_10_emb_16
19,graphs_combined/CPC006_MCF7_6H_BRD-A79465854-001-01-3_10/graph_17.csv,CPC006_MCF7_6H_BRD-A79465854-001-01-3_10_emb_17
20,graphs_combined/CPC013_ASC_24H_BRD-K17210248-003-01-7_10/graph_1.csv,CPC013_ASC_24H_BRD-K17210248-003-01-7_10_emb_1
21,graphs_combined/CPC013_ASC_24H_BRD-K17210248-003-01-7_10/graph_10.csv,CPC013_ASC_24H_BRD-K17210248-003-01-7_10_emb_10
22,graphs_combined/CPC013_ASC_24H_BRD-K17210248-003-01-7_10/graph_100.csv,CPC013_ASC_24H_BRD-K17210248-003-01-7_10_emb_100
23,graphs_combined/CPC013_ASC_24H_BRD-K17210248-003-01-7_10/graph_11.csv,CPC013_ASC_24H_BRD-K17210248-003-01-7_10_emb_11
24,graphs_combined/CPC013_ASC_24H_BRD-K17210248-003-01-7_10/graph_12.csv,CPC013_ASC_24H_BRD-K17210248-003-01-7_10_emb_12
25,graphs_combined/CPC013_ASC_24H_BRD-K17210248-003-01-7_10/graph_13.csv,CPC013_ASC_24H_BRD-K17210248-003-01-7_10_emb_13
26,graphs_combined/CPC013_ASC_24H_BRD-K17210248-003-01-7_10/graph_14.csv,CPC013_ASC_24H_BRD-K17210248-003-01-7_10_emb_14
27,graphs_combined/CPC013_ASC_24H_BRD-K17210248-003-01-7_10/graph_15.csv,CPC013_ASC_24H_BRD-K17210248-003-01-7_10_emb_15
28,graphs_combined/CPC013_ASC_24H_BRD-K17210248-003-01-7_10/graph_16.csv,CPC013_ASC_24H_BRD-K17210248-003-01-7_10_emb_16
29,graphs_combined/CPC013_ASC_24H_BRD-K17210248-003-01-7_10/graph_17.csv,CPC013_ASC_24H_BRD-K17210248-003-01-7_10_emb_17
30,graphs_combined/CPC013_ASC_24H_BRD-K68202742-001-05-8_10/graph_1.csv,CPC013_ASC_24H_BRD-K68202742-001-05-8_10_emb_1
31,graphs_combined/CPC013_ASC_24H_BRD-K68202742-001-05-8_10/graph_10.csv,CPC013_ASC_24H_BRD-K68202742-001-05-8_10_emb_10
32,graphs_combined/CPC013_ASC_24H_BRD-K68202742-001-05-8_10/graph_100.csv,CPC013_ASC_24H_BRD-K68202742-001-05-8_10_emb_100
33,graphs_combined/CPC013_ASC_24H_BRD-K68202742-001-05-8_10/graph_11.csv,CPC013_ASC_24H_BRD-K68202742-001-05-8_10_emb_11
34,graphs_combined/CPC013_ASC_24H_BRD-K68202742-001-05-8_10/graph_12.csv,CPC013_ASC_24H_BRD-K68202742-001-05-8_10_emb_12
35,graphs_combined/CPC013_ASC_24H_BRD-K68202742-001-05-8_10/graph_13.csv,CPC013_ASC_24H_BRD-K68202742-001-05-8_10_emb_13
36,graphs_combined/CPC013_ASC_24H_BRD-K68202742-001-05-8_10/graph_14.csv,CPC013_ASC_24H_BRD-K68202742-001-05-8_10_emb_14
37,graphs_combined/CPC013_ASC_24H_BRD-K68202742-001-05-8_10/graph_15.csv,CPC013_ASC_24H_BRD-K68202742-001-05-8_10_emb_15
38,graphs_combined/CPC013_ASC_24H_BRD-K68202742-001-05-8_10/graph_16.csv,CPC013_ASC_24H_BRD-K68202742-001-05-8_10_emb_16
39,graphs_combined/CPC013_ASC_24H_BRD-K68202742-001-05-8_10/graph_17.csv,CPC013_ASC_24H_BRD-K68202742-001-05-8_10_emb_17
40,graphs_combined/CPC013_SKB_24H_BRD-K68202742-001-05-8_10/graph_1.csv,CPC013_SKB_24H_BRD-K68202742-001-05-8_10_emb_1
41,graphs_combined/CPC013_SKB_24H_BRD-K68202742-001-05-8_10/graph_10.csv,CPC013_SKB_24H_BRD-K68202742-001-05-8_10_emb_10
42,graphs_combined/CPC013_SKB_24H_BRD-K68202742-001-05-8_10/graph_100.csv,CPC013_SKB_24H_BRD-K68202742-001-05-8_10_emb_100
43,graphs_combined/CPC013_SKB_24H_BRD-K68202742-001-05-8_10/graph_11.csv,CPC013_SKB_24H_BRD-K68202742-001-05-8_10_emb_11
44,graphs_combined/CPC013_SKB_24H_BRD-K68202742-001-05-8_10/graph_12.csv,CPC013_SKB_24H_BRD-K68202742-001-05-8_10_emb_12
45,graphs_combined/CPC013_SKB_24H_BRD-K68202742-001-05-8_10/graph_13.csv,CPC013_SKB_24H_BRD-K68202742-001-05-8_10_emb_13
46,graphs_combined/CPC013_SKB_24H_BRD-K68202742-001-05-8_10/graph_14.csv,CPC013_SKB_24H_BRD-K68202742-001-05-8_10_emb_14
47,graphs_combined/CPC013_SKB_24H_BRD-K68202742-001-05-8_10/graph_15.csv,CPC013_SKB_24H_BRD-K68202742-001-05-8_10_emb_15
48,graphs_combined/CPC013_SKB_24H_BRD-K68202742-001-05-8_10/graph_16.csv,CPC013_SKB_24H_BRD-K68202742-001-05-8_10_emb_16
49,graphs_combined/CPC013_SKB_24H_BRD-K68202742-001-05-8_10/graph_17.csv,CPC013_SKB_24H_BRD-K68202742-001-05-8_10_emb_17
50,graphs_combined/CPC014_A375_6H_BRD-K36740062-001-01-7_10/graph_1.csv,CPC014_A375_6H_BRD-K36740062-001-01-7_10_emb_1
51,graphs_combined/CPC014_A375_6H_BRD-K36740062-001-01-7_10/graph_10.csv,CPC014_A375_6H_BRD-K36740062-001-01-7_10_emb_10
52,graphs_combined/CPC014_A375_6H_BRD-K36740062-001-01-7_10/graph_11.csv,CPC014_A375_6H_BRD-K36740062-001-01-7_10_emb_11
53,graphs_combined/CPC014_A375_6H_BRD-K36740062-001-01-7_10/graph_12.csv,CPC014_A375_6H_BRD-K36740062-001-01-7_10_emb_12
54,graphs_combined/CPC014_A375_6H_BRD-K36740062-001-01-7_10/graph_13.csv,CPC014_A375_6H_BRD-K36740062-001-01-7_10_emb_13
55,graphs_combined/CPC014_A375_6H_BRD-K36740062-001-01-7_10/graph_14.csv,CPC014_A375_6H_BRD-K36740062-001-01-7_10_emb_14
56,graphs_combined/CPC014_A375_6H_BRD-K36740062-001-01-7_10/graph_15.csv,CPC014_A375_6H_BRD-K36740062-001-01-7_10_emb_15
57,graphs_combined/CPC014_A375_6H_BRD-K36740062-001-01-7_10/graph_16.csv,CPC014_A375_6H_BRD-K36740062-001-01-7_10_emb_16
58,graphs_combined/CPC014_A375_6H_BRD-K36740062-001-01-7_10/graph_17.csv,CPC014_A375_6H_BRD-K36740062-001-01-7_10_emb_17
59,graphs_combined/CPC014_A375_6H_BRD-K36740062-001-01-7_10/graph_18.csv,CPC014_A375_6H_BRD-K36740062-001-01-7_10_emb_18
60,graphs_combined/CPC014_HEPG2_6H_BRD-K85985071-001-20-7_10/graph_1.csv,CPC014_HEPG2_6H_BRD-K85985071-001-20-7_10_emb_1
61,graphs_combined/CPC014_HEPG2_6H_BRD-K85985071-001-20-7_10/graph_10.csv,CPC014_HEPG2_6H_BRD-K85985071-001-20-7_10_emb_10
62,graphs_combined/CPC014_HEPG2_6H_BRD-K85985071-001-20-7_10/graph_100.csv,CPC014_HEPG2_6H_BRD-K85985071-001-20-7_10_emb_100
63,graphs_combined/CPC014_HEPG2_6H_BRD-K85985071-001-20-7_10/graph_11.csv,CPC014_HEPG2_6H_BRD-K85985071-001-20-7_10_emb_11
64,graphs_combined/CPC014_HEPG2_6H_BRD-K85985071-001-20-7_10/graph_12.csv,CPC014_HEPG2_6H_BRD-K85985071-001-20-7_10_emb_12
65,graphs_combined/CPC014_HEPG2_6H_BRD-K85985071-001-20-7_10/graph_13.csv,CPC014_HEPG2_6H_BRD-K85985071-001-20-7_10_emb_13
66,graphs_combined/CPC014_HEPG2_6H_BRD-K85985071-001-20-7_10/graph_14.csv,CPC014_HEPG2_6H_BRD-K85985071-001-20-7_10_emb_14
67,graphs_combined/CPC014_HEPG2_6H_BRD-K85985071-001-20-7_10/graph_15.csv,CPC014_HEPG2_6H_BRD-K85985071-001-20-7_10_emb_15
68,graphs_combined/CPC014_HEPG2_6H_BRD-K85985071-001-20-7_10/graph_16.csv,CPC014_HEPG2_6H_BRD-K85985071-001-20-7_10_emb_16
69,graphs_combined/CPC014_HEPG2_6H_BRD-K85985071-001-20-7_10/graph_17.csv,CPC014_HEPG2_6H_BRD-K85985071-001-20-7_10_emb_17
70,graphs_combined/CPC014_NPC_24H_BRD-K10916986-001-01-6_10/graph_1.csv,CPC014_NPC_24H_BRD-K10916986-001-01-6_10_emb_1
71,graphs_combined/CPC014_NPC_24H_BRD-K10916986-001-01-6_10/graph_2.csv,CPC014_NPC_24H_BRD-K10916986-001-01-6_10_emb_2
72,graphs_combined/CPC014_NPC_24H_BRD-K10916986-001-01-6_10/graph_3.csv,CPC014_NPC_24H_BRD-K10916986-001-01-6_10_emb_3
73,graphs_combined/CPC014_NPC_24H_BRD-K10916986-001-01-6_10/graph_4.csv,CPC014_NPC_24H_BRD-K10916986-001-01-6_10_emb_4
74,graphs_combined/CPC015_ASC_24H_BRD-K92093830-003-05-0_10/graph_1.csv,CPC015_ASC_24H_BRD-K92093830-003-05-0_10_emb_1
75,graphs_combined/CPC015_ASC_24H_BRD-K92093830-003-05-0_10/graph_10.csv,CPC015_ASC_24H_BRD-K92093830-003-05-0_10_emb_10
76,graphs_combined/CPC015_ASC_24H_BRD-K92093830-003-05-0_10/graph_100.csv,CPC015_ASC_24H_BRD-K92093830-003-05-0_10_emb_100
77,graphs_combined/CPC015_ASC_24H_BRD-K92093830-003-05-0_10/graph_11.csv,CPC015_ASC_24H_BRD-K92093830-003-05-0_10_emb_11
78,graphs_combined/CPC015_ASC_24H_BRD-K92093830-003-05-0_10/graph_12.csv,CPC015_ASC_24H_BRD-K92093830-003-05-0_10_emb_12
79,graphs_combined/CPC015_ASC_24H_BRD-K92093830-003-05-0_10/graph_13.csv,CPC015_ASC_24H_BRD-K92093830-003-05-0_10_emb_13
80,graphs_combined/CPC015_ASC_24H_BRD-K92093830-003-05-0_10/graph_14.csv,CPC015_ASC_24H_BRD-K92093830-003-05-0_10_emb_14
81,graphs_combined/CPC015_ASC_24H_BRD-K92093830-003-05-0_10/graph_15.csv,CPC015_ASC_24H_BRD-K92093830-003-05-0_10_emb_15
82,graphs_combined/CPC015_ASC_24H_BRD-K92093830-003-05-0_10/graph_16.csv,CPC015_ASC_24H_BRD-K92093830-003-05-0_10_emb_16
83,graphs_combined/CPC015_ASC_24H_BRD-K92093830-003-05-0_10/graph_17.csv,CPC015_ASC_24H_BRD-K92093830-003-05-0_10_emb_17
84,graphs_combined/CPC015_NPC_24H_BRD-A28746609-001-05-7_10/graph_1.csv,CPC015_NPC_24H_BRD-A28746609-001-05-7_10_emb_1
85,graphs_combined/CPC015_NPC_24H_BRD-A28746609-001-05-7_10/graph_10.csv,CPC015_NPC_24H_BRD-A28746609-001-05-7_10_emb_10
86,graphs_combined/CPC015_NPC_24H_BRD-A28746609-001-05-7_10/graph_100.csv,CPC015_NPC_24H_BRD-A28746609-001-05-7_10_emb_100
87,graphs_combined/CPC015_NPC_24H_BRD-A28746609-001-05-7_10/graph_11.csv,CPC015_NPC_24H_BRD-A28746609-001-05-7_10_emb_11
88,graphs_combined/CPC015_NPC_24H_BRD-A28746609-001-05-7_10/graph_12.csv,CPC015_NPC_24H_BRD-A28746609-001-05-7_10_emb_12
89,graphs_combined/CPC015_NPC_24H_BRD-A28746609-001-05-7_10/graph_13.csv,CPC015_NPC_24H_BRD-A28746609-001-05-7_10_emb_13
90,graphs_combined/CPC015_NPC_24H_BRD-A28746609-001-05-7_10/graph_14.csv,CPC015_NPC_24H_BRD-A28746609-001-05-7_10_emb_14
91,graphs_combined/CPC015_NPC_24H_BRD-A28746609-001-05-7_10/graph_15.csv,CPC015_NPC_24H_BRD-A28746609-001-05-7_10_emb_15
92,graphs_combined/CPC015_NPC_24H_BRD-A28746609-001-05-7_10/graph_16.csv,CPC015_NPC_24H_BRD-A28746609-001-05-7_10_emb_16
93,graphs_combined/CPC015_NPC_24H_BRD-A28746609-001-05-7_10/graph_17.csv,CPC015_NPC_24H_BRD-A28746609-001-05-7_10_emb_17
94,graphs_combined/CPC015_NPC_24H_BRD-A55594068-065-03-1_10/graph_1.csv,CPC015_NPC_24H_BRD-A55594068-065-03-1_10_emb_1
95,graphs_combined/CPC015_NPC_24H_BRD-A55594068-065-03-1_10/graph_10.csv,CPC015_NPC_24H_BRD-A55594068-065-03-1_10_emb_10
96,graphs_combined/CPC015_NPC_24H_BRD-A55594068-065-03-1_10/graph_100.csv,CPC015_NPC_24H_BRD-A55594068-065-03-1_10_emb_100
97,graphs_combined/CPC015_NPC_24H_BRD-A55594068-065-03-1_10/graph_11.csv,CPC015_NPC_24H_BRD-A55594068-065-03-1_10_emb_11
98,graphs_combined/CPC015_NPC_24H_BRD-A55594068-065-03-1_10/graph_12.csv,CPC015_NPC_24H_BRD-A55594068-065-03-1_10_emb_12
99,graphs_combined/CPC015_NPC_24H_BRD-A55594068-065-03-1_10/graph_13.csv,CPC015_NPC_24H_BRD-A55594068-065-03-1_10_emb_13
100,graphs_combined/CPC015_NPC_24H_BRD-A55594068-065-03-1_10/graph_14.csv,CPC015_NPC_24H_BRD-A55594068-065-03-1_10_emb_14
101,graphs_combined/CPC015_NPC_24H_BRD-A55594068-065-03-1_10/graph_15.csv,CPC015_NPC_24H_BRD-A55594068-065-03-1_10_emb_15
102,graphs_combined/CPC015_NPC_24H_BRD-A55594068-065-03-1_10/graph_16.csv,CPC015_NPC_24H_BRD-A55594068-065-03-1_10_emb_16
103,graphs_combined/CPC015_NPC_24H_BRD-A55594068-065-03-1_10/graph_17.csv,CPC015_NPC_24H_BRD-A55594068-065-03-1_10_emb_17
104,graphs_combined/CPC015_NPC_24H_BRD-A60414806-065-01-6_10/graph_1.csv,CPC015_NPC_24H_BRD-A60414806-065-01-6_10_emb_1
105,graphs_combined/CPC015_NPC_24H_BRD-A60414806-065-01-6_10/graph_10.csv,CPC015_NPC_24H_BRD-A60414806-065-01-6_10_emb_10
106,graphs_combined/CPC015_NPC_24H_BRD-A60414806-065-01-6_10/graph_100.csv,CPC015_NPC_24H_BRD-A60414806-065-01-6_10_emb_100
107,graphs_combined/CPC015_NPC_24H_BRD-A60414806-065-01-6_10/graph_11.csv,CPC015_NPC_24H_BRD-A60414806-065-01-6_10_emb_11
108,graphs_combined/CPC015_NPC_24H_BRD-A60414806-065-01-6_10/graph_12.csv,CPC015_NPC_24H_BRD-A60414806-065-01-6_10_emb_12
109,graphs_combined/CPC015_NPC_24H_BRD-A60414806-065-01-6_10/graph_13.csv,CPC015_NPC_24H_BRD-A60414806-065-01-6_10_emb_13
110,graphs_combined/CPC015_NPC_24H_BRD-A60414806-065-01-6_10/graph_14.csv,CPC015_NPC_24H_BRD-A60414806-065-01-6_10_emb_14
111,graphs_combined/CPC015_NPC_24H_BRD-A60414806-065-01-6_10/graph_15.csv,CPC015_NPC_24H_BRD-A60414806-065-01-6_10_emb_15
112,graphs_combined/CPC015_NPC_24H_BRD-A60414806-065-01-6_10/graph_16.csv,CPC015_NPC_24H_BRD-A60414806-065-01-6_10_emb_16
113,graphs_combined/CPC015_NPC_24H_BRD-A60414806-065-01-6_10/graph_17.csv,CPC015_NPC_24H_BRD-A60414806-065-01-6_10_emb_17
114,graphs_combined/CPC015_SKB_24H_BRD-A68930007-001-03-1_10/graph_1.csv,CPC015_SKB_24H_BRD-A68930007-001-03-1_10_emb_1
115,graphs_combined/CPC015_SKB_24H_BRD-A68930007-001-03-1_10/graph_10.csv,CPC015_SKB_24H_BRD-A68930007-001-03-1_10_emb_10
116,graphs_combined/CPC015_SKB_24H_BRD-A68930007-001-03-1_10/graph_11.csv,CPC015_SKB_24H_BRD-A68930007-001-03-1_10_emb_11
117,graphs_combined/CPC015_SKB_24H_BRD-A68930007-001-03-1_10/graph_12.csv,CPC015_SKB_24H_BRD-A68930007-001-03-1_10_emb_12
118,graphs_combined/CPC015_SKB_24H_BRD-A68930007-001-03-1_10/graph_13.csv,CPC015_SKB_24H_BRD-A68930007-001-03-1_10_emb_13
119,graphs_combined/CPC015_SKB_24H_BRD-A68930007-001-03-1_10/graph_14.csv,CPC015_SKB_24H_BRD-A68930007-001-03-1_10_emb_14
120,graphs_combined/CPC015_SKB_24H_BRD-A68930007-001-03-1_10/graph_15.csv,CPC015_SKB_24H_BRD-A68930007-001-03-1_10_emb_15
121,graphs_combined/CPC015_SKB_24H_BRD-A68930007-001-03-1_10/graph_16.csv,CPC015_SKB_24H_BRD-A68930007-001-03-1_10_emb_16
122,graphs_combined/CPC015_SKB_24H_BRD-A68930007-001-03-1_10/graph_17.csv,CPC015_SKB_24H_BRD-A68930007-001-03-1_10_emb_17
123,graphs_combined/CPC015_SKB_24H_BRD-A68930007-001-03-1_10/graph_18.csv,CPC015_SKB_24H_BRD-A68930007-001-03-1_10_emb_18
124,graphs_combined/CPC016_ASC_24H_BRD-K35708212-331-03-1_10/graph_1.csv,CPC016_ASC_24H_BRD-K35708212-331-03-1_10_emb_1
125,graphs_combined/CPC016_ASC_24H_BRD-K35708212-331-03-1_10/graph_10.csv,CPC016_ASC_24H_BRD-K35708212-331-03-1_10_emb_10
126,graphs_combined/CPC016_ASC_24H_BRD-K35708212-331-03-1_10/graph_100.csv,CPC016_ASC_24H_BRD-K35708212-331-03-1_10_emb_100
127,graphs_combined/CPC016_ASC_24H_BRD-K35708212-331-03-1_10/graph_11.csv,CPC016_ASC_24H_BRD-K35708212-331-03-1_10_emb_11
128,graphs_combined/CPC016_ASC_24H_BRD-K35708212-331-03-1_10/graph_12.csv,CPC016_ASC_24H_BRD-K35708212-331-03-1_10_emb_12
129,graphs_combined/CPC016_ASC_24H_BRD-K35708212-331-03-1_10/graph_13.csv,CPC016_ASC_24H_BRD-K35708212-331-03-1_10_emb_13
130,graphs_combined/CPC016_ASC_24H_BRD-K35708212-331-03-1_10/graph_14.csv,CPC016_ASC_24H_BRD-K35708212-331-03-1_10_emb_14
131,graphs_combined/CPC016_ASC_24H_BRD-K35708212-331-03-1_10/graph_15.csv,CPC016_ASC_24H_BRD-K35708212-331-03-1_10_emb_15
132,graphs_combined/CPC016_ASC_24H_BRD-K35708212-331-03-1_10/graph_16.csv,CPC016_ASC_24H_BRD-K35708212-331-03-1_10_emb_16
133,graphs_combined/CPC016_ASC_24H_BRD-K35708212-331-03-1_10/graph_17.csv,CPC016_ASC_24H_BRD-K35708212-331-03-1_10_emb_17
134,graphs_combined/CPC016_MCF7_6H_BRD-K07762753-001-02-8_10/graph_1.csv,CPC016_MCF7_6H_BRD-K07762753-001-02-8_10_emb_1
135,graphs_combined/CPC016_MCF7_6H_BRD-K07762753-001-02-8_10/graph_10.csv,CPC016_MCF7_6H_BRD-K07762753-001-02-8_10_emb_10
136,graphs_combined/CPC016_MCF7_6H_BRD-K07762753-001-02-8_10/graph_100.csv,CPC016_MCF7_6H_BRD-K07762753-001-02-8_10_emb_100
137,graphs_combined/CPC016_MCF7_6H_BRD-K07762753-001-02-8_10/graph_11.csv,CPC016_MCF7_6H_BRD-K07762753-001-02-8_10_emb_11
138,graphs_combined/CPC016_MCF7_6H_BRD-K07762753-001-02-8_10/graph_12.csv,CPC016_MCF7_6H_BRD-K07762753-001-02-8_10_emb_12
139,graphs_combined/CPC016_MCF7_6H_BRD-K07762753-001-02-8_10/graph_13.csv,CPC016_MCF7_6H_BRD-K07762753-001-02-8_10_emb_13
140,graphs_combined/CPC016_MCF7_6H_BRD-K07762753-001-02-8_10/graph_14.csv,CPC016_MCF7_6H_BRD-K07762753-001-02-8_10_emb_14
141,graphs_combined/CPC016_MCF7_6H_BRD-K07762753-001-02-8_10/graph_15.csv,CPC016_MCF7_6H_BRD-K07762753-001-02-8_10_emb_15
142,graphs_combined/CPC016_MCF7_6H_BRD-K07762753-001-02-8_10/graph_16.csv,CPC016_MCF7_6H_BRD-K07762753-001-02-8_10_emb_16
143,graphs_combined/CPC016_MCF7_6H_BRD-K07762753-001-02-8_10/graph_17.csv,CPC016_MCF7_6H_BRD-K07762753-001-02-8_10_emb_17
144,graphs_combined/CPC016_NEU_24H_BRD-A17065207-001-06-9_10/graph_1.csv,CPC016_NEU_24H_BRD-A17065207-001-06-9_10_emb_1
145,graphs_combined/CPC016_NEU_24H_BRD-A17065207-001-06-9_10/graph_10.csv,CPC016_NEU_24H_BRD-A17065207-001-06-9_10_emb_10
146,graphs_combined/CPC016_NEU_24H_BRD-A17065207-001-06-9_10/graph_100.csv,CPC016_NEU_24H_BRD-A17065207-001-06-9_10_emb_100
147,graphs_combined/CPC016_NEU_24H_BRD-A17065207-001-06-9_10/graph_11.csv,CPC016_NEU_24H_BRD-A17065207-001-06-9_10_emb_11
148,graphs_combined/CPC016_NEU_24H_BRD-A17065207-001-06-9_10/graph_12.csv,CPC016_NEU_24H_BRD-A17065207-001-06-9_10_emb_12
149,graphs_combined/CPC016_NEU_24H_BRD-A17065207-001-06-9_10/graph_13.csv,CPC016_NEU_24H_BRD-A17065207-001-06-9_10_emb_13
150,graphs_combined/CPC016_NEU_24H_BRD-A17065207-001-06-9_10/graph_14.csv,CPC016_NEU_24H_BRD-A17065207-001-06-9_10_emb_14
151,graphs_combined/CPC016_NEU_24H_BRD-A17065207-001-06-9_10/graph_15.csv,CPC016_NEU_24H_BRD-A17065207-001-06-9_10_emb_15
152,graphs_combined/CPC016_NEU_24H_BRD-A17065207-001-06-9_10/graph_16.csv,CPC016_NEU_24H_BRD-A17065207-001-06-9_10_emb_16
153,graphs_combined/CPC016_NEU_24H_BRD-A17065207-001-06-9_10/graph_17.csv,CPC016_NEU_24H_BRD-A17065207-001-06-9_10_emb_17
154,graphs_combined/CPC016_NEU_24H_BRD-K91370081-001-10-3_10/graph_1.csv,CPC016_NEU_24H_BRD-K91370081-001-10-3_10_emb_1
155,graphs_combined/CPC016_NEU_24H_BRD-K91370081-001-10-3_10/graph_10.csv,CPC016_NEU_24H_BRD-K91370081-001-10-3_10_emb_10
156,graphs_combined/CPC016_NEU_24H_BRD-K91370081-001-10-3_10/graph_100.csv,CPC016_NEU_24H_BRD-K91370081-001-10-3_10_emb_100
157,graphs_combined/CPC016_NEU_24H_BRD-K91370081-001-10-3_10/graph_11.csv,CPC016_NEU_24H_BRD-K91370081-001-10-3_10_emb_11
158,graphs_combined/CPC016_NEU_24H_BRD-K91370081-001-10-3_10/graph_12.csv,CPC016_NEU_24H_BRD-K91370081-001-10-3_10_emb_12
159,graphs_combined/CPC016_NEU_24H_BRD-K91370081-001-10-3_10/graph_13.csv,CPC016_NEU_24H_BRD-K91370081-001-10-3_10_emb_13
160,graphs_combined/CPC016_NEU_24H_BRD-K91370081-001-10-3_10/graph_14.csv,CPC016_NEU_24H_BRD-K91370081-001-10-3_10_emb_14
161,graphs_combined/CPC016_NEU_24H_BRD-K91370081-001-10-3_10/graph_15.csv,CPC016_NEU_24H_BRD-K91370081-001-10-3_10_emb_15
162,graphs_combined/CPC016_NEU_24H_BRD-K91370081-001-10-3_10/graph_16.csv,CPC016_NEU_24H_BRD-K91370081-001-10-3_10_emb_16
163,graphs_combined/CPC016_NEU_24H_BRD-K91370081-001-10-3_10/graph_17.csv,CPC016_NEU_24H_BRD-K91370081-001-10-3_10_emb_17
164,graphs_combined/CPC016_NPC_24H_BRD-A17065207-001-06-9_10/graph_1.csv,CPC016_NPC_24H_BRD-A17065207-001-06-9_10_emb_1
165,graphs_combined/CPC016_NPC_24H_BRD-A17065207-001-06-9_10/graph_10.csv,CPC016_NPC_24H_BRD-A17065207-001-06-9_10_emb_10
166,graphs_combined/CPC016_NPC_24H_BRD-A17065207-001-06-9_10/graph_100.csv,CPC016_NPC_24H_BRD-A17065207-001-06-9_10_emb_100
167,graphs_combined/CPC016_NPC_24H_BRD-A17065207-001-06-9_10/graph_11.csv,CPC016_NPC_24H_BRD-A17065207-001-06-9_10_emb_11
168,graphs_combined/CPC016_NPC_24H_BRD-A17065207-001-06-9_10/graph_12.csv,CPC016_NPC_24H_BRD-A17065207-001-06-9_10_emb_12
169,graphs_combined/CPC016_NPC_24H_BRD-A17065207-001-06-9_10/graph_13.csv,CPC016_NPC_24H_BRD-A17065207-001-06-9_10_emb_13
170,graphs_combined/CPC016_NPC_24H_BRD-A17065207-001-06-9_10/graph_14.csv,CPC016_NPC_24H_BRD-A17065207-001-06-9_10_emb_14
171,graphs_combined/CPC016_NPC_24H_BRD-A17065207-001-06-9_10/graph_15.csv,CPC016_NPC_24H_BRD-A17065207-001-06-9_10_emb_15
172,graphs_combined/CPC016_NPC_24H_BRD-A17065207-001-06-9_10/graph_16.csv,CPC016_NPC_24H_BRD-A17065207-001-06-9_10_emb_16
173,graphs_combined/CPC016_NPC_24H_BRD-A17065207-001-06-9_10/graph_17.csv,CPC016_NPC_24H_BRD-A17065207-001-06-9_10_emb_17
174,graphs_combined/CPC016_NPC_24H_BRD-K35708212-331-03-1_10/graph_1.csv,CPC016_NPC_24H_BRD-K35708212-331-03-1_10_emb_1
175,graphs_combined/CPC016_NPC_24H_BRD-K35708212-331-03-1_10/graph_10.csv,CPC016_NPC_24H_BRD-K35708212-331-03-1_10_emb_10
176,graphs_combined/CPC016_NPC_24H_BRD-K35708212-331-03-1_10/graph_100.csv,CPC016_NPC_24H_BRD-K35708212-331-03-1_10_emb_100
177,graphs_combined/CPC016_NPC_24H_BRD-K35708212-331-03-1_10/graph_11.csv,CPC016_NPC_24H_BRD-K35708212-331-03-1_10_emb_11
178,graphs_combined/CPC016_NPC_24H_BRD-K35708212-331-03-1_10/graph_12.csv,CPC016_NPC_24H_BRD-K35708212-331-03-1_10_emb_12
179,graphs_combined/CPC016_NPC_24H_BRD-K35708212-331-03-1_10/graph_13.csv,CPC016_NPC_24H_BRD-K35708212-331-03-1_10_emb_13
180,graphs_combined/CPC016_NPC_24H_BRD-K35708212-331-03-1_10/graph_14.csv,CPC016_NPC_24H_BRD-K35708212-331-03-1_10_emb_14
181,graphs_combined/CPC016_NPC_24H_BRD-K35708212-331-03-1_10/graph_15.csv,CPC016_NPC_24H_BRD-K35708212-331-03-1_10_emb_15
182,graphs_combined/CPC016_NPC_24H_BRD-K35708212-331-03-1_10/graph_16.csv,CPC016_NPC_24H_BRD-K35708212-331-03-1_10_emb_16
183,graphs_combined/CPC016_NPC_24H_BRD-K35708212-331-03-1_10/graph_17.csv,CPC016_NPC_24H_BRD-K35708212-331-03-1_10_emb_17
184,graphs_combined/CPC017_ASC_24H_BRD-A94756469-001-03-9_10/graph_1.csv,CPC017_ASC_24H_BRD-A94756469-001-03-9_10_emb_1
185,graphs_combined/CPC017_ASC_24H_BRD-A94756469-001-03-9_10/graph_2.csv,CPC017_ASC_24H_BRD-A94756469-001-03-9_10_emb_2
186,graphs_combined/CPC017_ASC_24H_BRD-K43389675-001-01-3_10/graph_1.csv,CPC017_ASC_24H_BRD-K43389675-001-01-3_10_emb_1
187,graphs_combined/CPC017_ASC_24H_BRD-K43389675-001-01-3_10/graph_10.csv,CPC017_ASC_24H_BRD-K43389675-001-01-3_10_emb_10
188,graphs_combined/CPC017_ASC_24H_BRD-K43389675-001-01-3_10/graph_100.csv,CPC017_ASC_24H_BRD-K43389675-001-01-3_10_emb_100
189,graphs_combined/CPC017_ASC_24H_BRD-K43389675-001-01-3_10/graph_11.csv,CPC017_ASC_24H_BRD-K43389675-001-01-3_10_emb_11
190,graphs_combined/CPC017_ASC_24H_BRD-K43389675-001-01-3_10/graph_12.csv,CPC017_ASC_24H_BRD-K43389675-001-01-3_10_emb_12
191,graphs_combined/CPC017_ASC_24H_BRD-K43389675-001-01-3_10/graph_13.csv,CPC017_ASC_24H_BRD-K43389675-001-01-3_10_emb_13
192,graphs_combined/CPC017_ASC_24H_BRD-K43389675-001-01-3_10/graph_14.csv,CPC017_ASC_24H_BRD-K43389675-001-01-3_10_emb_14
193,graphs_combined/CPC017_ASC_24H_BRD-K43389675-001-01-3_10/graph_15.csv,CPC017_ASC_24H_BRD-K43389675-001-01-3_10_emb_15
194,graphs_combined/CPC017_ASC_24H_BRD-K43389675-001-01-3_10/graph_16.csv,CPC017_ASC_24H_BRD-K43389675-001-01-3_10_emb_16
195,graphs_combined/CPC017_ASC_24H_BRD-K43389675-001-01-3_10/graph_17.csv,CPC017_ASC_24H_BRD-K43389675-001-01-3_10_emb_17
196,graphs_combined/CPC017_HEPG2_6H_BRD-K59469039-001-03-1_10/graph_1.csv,CPC017_HEPG2_6H_BRD-K59469039-001-03-1_10_emb_1
197,graphs_combined/CPC017_HEPG2_6H_BRD-K59469039-001-03-1_10/graph_10.csv,CPC017_HEPG2_6H_BRD-K59469039-001-03-1_10_emb_10
198,graphs_combined/CPC017_HEPG2_6H_BRD-K59469039-001-03-1_10/graph_100.csv,CPC017_HEPG2_6H_BRD-K59469039-001-03-1_10_emb_100
199,graphs_combined/CPC017_HEPG2_6H_BRD-K59469039-001-03-1_10/graph_11.csv,CPC017_HEPG2_6H_BRD-K59469039-001-03-1_10_emb_11
200,graphs_combined/CPC017_HEPG2_6H_BRD-K59469039-001-03-1_10/graph_12.csv,CPC017_HEPG2_6H_BRD-K59469039-001-03-1_10_emb_12
201,graphs_combined/CPC017_HEPG2_6H_BRD-K59469039-001-03-1_10/graph_13.csv,CPC017_HEPG2_6H_BRD-K59469039-001-03-1_10_emb_13
202,graphs_combined/CPC017_HEPG2_6H_BRD-K59469039-001-03-1_10/graph_14.csv,CPC017_HEPG2_6H_BRD-K59469039-001-03-1_10_emb_14
203,graphs_combined/CPC017_HEPG2_6H_BRD-K59469039-001-03-1_10/graph_15.csv,CPC017_HEPG2_6H_BRD-K59469039-001-03-1_10_emb_15
204,graphs_combined/CPC017_HEPG2_6H_BRD-K59469039-001-03-1_10/graph_16.csv,CPC017_HEPG2_6H_BRD-K59469039-001-03-1_10_emb_16
205,graphs_combined/CPC017_HEPG2_6H_BRD-K59469039-001-03-1_10/graph_17.csv,CPC017_HEPG2_6H_BRD-K59469039-001-03-1_10_emb_17
206,graphs_combined/CPC017_NPC_24H_BRD-A94756469-001-03-9_10/graph_1.csv,CPC017_NPC_24H_BRD-A94756469-001-03-9_10_emb_1
207,graphs_combined/CPC017_NPC_24H_BRD-A94756469-001-03-9_10/graph_10.csv,CPC017_NPC_24H_BRD-A94756469-001-03-9_10_emb_10
208,graphs_combined/CPC017_NPC_24H_BRD-A94756469-001-03-9_10/graph_100.csv,CPC017_NPC_24H_BRD-A94756469-001-03-9_10_emb_100
209,graphs_combined/CPC017_NPC_24H_BRD-A94756469-001-03-9_10/graph_11.csv,CPC017_NPC_24H_BRD-A94756469-001-03-9_10_emb_11
210,graphs_combined/CPC017_NPC_24H_BRD-A94756469-001-03-9_10/graph_12.csv,CPC017_NPC_24H_BRD-A94756469-001-03-9_10_emb_12
211,graphs_combined/CPC017_NPC_24H_BRD-A94756469-001-03-9_10/graph_13.csv,CPC017_NPC_24H_BRD-A94756469-001-03-9_10_emb_13
212,graphs_combined/CPC017_NPC_24H_BRD-A94756469-001-03-9_10/graph_14.csv,CPC017_NPC_24H_BRD-A94756469-001-03-9_10_emb_14
213,graphs_combined/CPC017_NPC_24H_BRD-A94756469-001-03-9_10/graph_15.csv,CPC017_NPC_24H_BRD-A94756469-001-03-9_10_emb_15
214,graphs_combined/CPC017_NPC_24H_BRD-A94756469-001-03-9_10/graph_16.csv,CPC017_NPC_24H_BRD-A94756469-001-03-9_10_emb_16
215,graphs_combined/CPC017_NPC_24H_BRD-A94756469-001-03-9_10/graph_17.csv,CPC017_NPC_24H_BRD-A94756469-001-03-9_10_emb_17
216,graphs_combined/CPC017_NPC_24H_BRD-K48970916-001-03-0_10/graph_1.csv,CPC017_NPC_24H_BRD-K48970916-001-03-0_10_emb_1
217,graphs_combined/CPC017_NPC_24H_BRD-K48970916-001-03-0_10/graph_10.csv,CPC017_NPC_24H_BRD-K48970916-001-03-0_10_emb_10
218,graphs_combined/CPC017_NPC_24H_BRD-K48970916-001-03-0_10/graph_100.csv,CPC017_NPC_24H_BRD-K48970916-001-03-0_10_emb_100
219,graphs_combined/CPC017_NPC_24H_BRD-K48970916-001-03-0_10/graph_11.csv,CPC017_NPC_24H_BRD-K48970916-001-03-0_10_emb_11
220,graphs_combined/CPC017_NPC_24H_BRD-K48970916-001-03-0_10/graph_12.csv,CPC017_NPC_24H_BRD-K48970916-001-03-0_10_emb_12
221,graphs_combined/CPC017_NPC_24H_BRD-K48970916-001-03-0_10/graph_13.csv,CPC017_NPC_24H_BRD-K48970916-001-03-0_10_emb_13
222,graphs_combined/CPC017_NPC_24H_BRD-K48970916-001-03-0_10/graph_14.csv,CPC017_NPC_24H_BRD-K48970916-001-03-0_10_emb_14
223,graphs_combined/CPC017_NPC_24H_BRD-K48970916-001-03-0_10/graph_15.csv,CPC017_NPC_24H_BRD-K48970916-001-03-0_10_emb_15
224,graphs_combined/CPC017_NPC_24H_BRD-K48970916-001-03-0_10/graph_16.csv,CPC017_NPC_24H_BRD-K48970916-001-03-0_10_emb_16
225,graphs_combined/CPC017_NPC_24H_BRD-K48970916-001-03-0_10/graph_17.csv,CPC017_NPC_24H_BRD-K48970916-001-03-0_10_emb_17
226,graphs_combined/CPC017_SKB_24H_BRD-K43389675-001-01-3_10/graph_1.csv,CPC017_SKB_24H_BRD-K43389675-001-01-3_10_emb_1
227,graphs_combined/CPC017_SKB_24H_BRD-K43389675-001-01-3_10/graph_10.csv,CPC017_SKB_24H_BRD-K43389675-001-01-3_10_emb_10
228,graphs_combined/CPC017_SKB_24H_BRD-K43389675-001-01-3_10/graph_100.csv,CPC017_SKB_24H_BRD-K43389675-001-01-3_10_emb_100
229,graphs_combined/CPC017_SKB_24H_BRD-K43389675-001-01-3_10/graph_11.csv,CPC017_SKB_24H_BRD-K43389675-001-01-3_10_emb_11
230,graphs_combined/CPC017_SKB_24H_BRD-K43389675-001-01-3_10/graph_12.csv,CPC017_SKB_24H_BRD-K43389675-001-01-3_10_emb_12
231,graphs_combined/CPC017_SKB_24H_BRD-K43389675-001-01-3_10/graph_13.csv,CPC017_SKB_24H_BRD-K43389675-001-01-3_10_emb_13
232,graphs_combined/CPC017_SKB_24H_BRD-K43389675-001-01-3_10/graph_14.csv,CPC017_SKB_24H_BRD-K43389675-001-01-3_10_emb_14
233,graphs_combined/CPC017_SKB_24H_BRD-K43389675-001-01-3_10/graph_15.csv,CPC017_SKB_24H_BRD-K43389675-001-01-3_10_emb_15
234,graphs_combined/CPC017_SKB_24H_BRD-K43389675-001-01-3_10/graph_16.csv,CPC017_SKB_24H_BRD-K43389675-001-01-3_10_emb_16
235,graphs_combined/CPC017_SKB_24H_BRD-K43389675-001-01-3_10/graph_17.csv,CPC017_SKB_24H_BRD-K43389675-001-01-3_10_emb_17
236,graphs_combined/CPC018_ASC_24H_BRD-A46747628-001-01-9_10/graph_1.csv,CPC018_ASC_24H_BRD-A46747628-001-01-9_10_emb_1
237,graphs_combined/CPC018_ASC_24H_BRD-A46747628-001-01-9_10/graph_2.csv,CPC018_ASC_24H_BRD-A46747628-001-01-9_10_emb_2
238,graphs_combined/CPC018_ASC_24H_BRD-A46747628-001-01-9_10/graph_3.csv,CPC018_ASC_24H_BRD-A46747628-001-01-9_10_emb_3
239,graphs_combined/CPC018_ASC_24H_BRD-A46747628-001-01-9_10/graph_4.csv,CPC018_ASC_24H_BRD-A46747628-001-01-9_10_emb_4
240,graphs_combined/CPC018_ASC_24H_BRD-A46747628-001-01-9_10/graph_5.csv,CPC018_ASC_24H_BRD-A46747628-001-01-9_10_emb_5
241,graphs_combined/CPC018_ASC_24H_BRD-A46747628-001-01-9_10/graph_6.csv,CPC018_ASC_24H_BRD-A46747628-001-01-9_10_emb_6
242,graphs_combined/CPC018_ASC_24H_BRD-A46747628-001-01-9_10/graph_7.csv,CPC018_ASC_24H_BRD-A46747628-001-01-9_10_emb_7
243,graphs_combined/CPC018_ASC_24H_BRD-A46747628-001-01-9_10/graph_8.csv,CPC018_ASC_24H_BRD-A46747628-001-01-9_10_emb_8
244,graphs_combined/CPC018_ASC_24H_BRD-K36055864-001-09-3_10/graph_1.csv,CPC018_ASC_24H_BRD-K36055864-001-09-3_10_emb_1
245,graphs_combined/CPC018_ASC_24H_BRD-K36055864-001-09-3_10/graph_10.csv,CPC018_ASC_24H_BRD-K36055864-001-09-3_10_emb_10
246,graphs_combined/CPC018_ASC_24H_BRD-K36055864-001-09-3_10/graph_11.csv,CPC018_ASC_24H_BRD-K36055864-001-09-3_10_emb_11
247,graphs_combined/CPC018_ASC_24H_BRD-K36055864-001-09-3_10/graph_12.csv,CPC018_ASC_24H_BRD-K36055864-001-09-3_10_emb_12
248,graphs_combined/CPC018_ASC_24H_BRD-K36055864-001-09-3_10/graph_13.csv,CPC018_ASC_24H_BRD-K36055864-001-09-3_10_emb_13
249,graphs_combined/CPC018_ASC_24H_BRD-K36055864-001-09-3_10/graph_14.csv,CPC018_ASC_24H_BRD-K36055864-001-09-3_10_emb_14
250,graphs_combined/CPC018_ASC_24H_BRD-K36055864-001-09-3_10/graph_15.csv,CPC018_ASC_24H_BRD-K36055864-001-09-3_10_emb_15
251,graphs_combined/CPC018_ASC_24H_BRD-K36055864-001-09-3_10/graph_16.csv,CPC018_ASC_24H_BRD-K36055864-001-09-3_10_emb_16
252,graphs_combined/CPC018_ASC_24H_BRD-K36055864-001-09-3_10/graph_17.csv,CPC018_ASC_24H_BRD-K36055864-001-09-3_10_emb_17
253,graphs_combined/CPC018_ASC_24H_BRD-K36055864-001-09-3_10/graph_18.csv,CPC018_ASC_24H_BRD-K36055864-001-09-3_10_emb_18
254,graphs_combined/CPC018_NPC_24H_BRD-A46747628-001-01-9_10/graph_1.csv,CPC018_NPC_24H_BRD-A46747628-001-01-9_10_emb_1
255,graphs_combined/CPC018_NPC_24H_BRD-A46747628-001-01-9_10/graph_10.csv,CPC018_NPC_24H_BRD-A46747628-001-01-9_10_emb_10
256,graphs_combined/CPC018_NPC_24H_BRD-A46747628-001-01-9_10/graph_100.csv,CPC018_NPC_24H_BRD-A46747628-001-01-9_10_emb_100
257,graphs_combined/CPC018_NPC_24H_BRD-A46747628-001-01-9_10/graph_11.csv,CPC018_NPC_24H_BRD-A46747628-001-01-9_10_emb_11
258,graphs_combined/CPC018_NPC_24H_BRD-A46747628-001-01-9_10/graph_12.csv,CPC018_NPC_24H_BRD-A46747628-001-01-9_10_emb_12
259,graphs_combined/CPC018_NPC_24H_BRD-A46747628-001-01-9_10/graph_13.csv,CPC018_NPC_24H_BRD-A46747628-001-01-9_10_emb_13
260,graphs_combined/CPC018_NPC_24H_BRD-A46747628-001-01-9_10/graph_14.csv,CPC018_NPC_24H_BRD-A46747628-001-01-9_10_emb_14
261,graphs_combined/CPC018_NPC_24H_BRD-A46747628-001-01-9_10/graph_15.csv,CPC018_NPC_24H_BRD-A46747628-001-01-9_10_emb_15
262,graphs_combined/CPC018_NPC_24H_BRD-A46747628-001-01-9_10/graph_16.csv,CPC018_NPC_24H_BRD-A46747628-001-01-9_10_emb_16
263,graphs_combined/CPC018_NPC_24H_BRD-A46747628-001-01-9_10/graph_17.csv,CPC018_NPC_24H_BRD-A46747628-001-01-9_10_emb_17
264,graphs_combined/CPC018_NPC_24H_BRD-K26241953-001-01-0_10/graph_1.csv,CPC018_NPC_24H_BRD-K26241953-001-01-0_10_emb_1
265,graphs_combined/CPC018_NPC_24H_BRD-K26241953-001-01-0_10/graph_10.csv,CPC018_NPC_24H_BRD-K26241953-001-01-0_10_emb_10
266,graphs_combined/CPC018_NPC_24H_BRD-K26241953-001-01-0_10/graph_100.csv,CPC018_NPC_24H_BRD-K26241953-001-01-0_10_emb_100
267,graphs_combined/CPC018_NPC_24H_BRD-K26241953-001-01-0_10/graph_11.csv,CPC018_NPC_24H_BRD-K26241953-001-01-0_10_emb_11
268,graphs_combined/CPC018_NPC_24H_BRD-K26241953-001-01-0_10/graph_12.csv,CPC018_NPC_24H_BRD-K26241953-001-01-0_10_emb_12
269,graphs_combined/CPC018_NPC_24H_BRD-K26241953-001-01-0_10/graph_13.csv,CPC018_NPC_24H_BRD-K26241953-001-01-0_10_emb_13
270,graphs_combined/CPC018_NPC_24H_BRD-K26241953-001-01-0_10/graph_14.csv,CPC018_NPC_24H_BRD-K26241953-001-01-0_10_emb_14
271,graphs_combined/CPC018_NPC_24H_BRD-K26241953-001-01-0_10/graph_15.csv,CPC018_NPC_24H_BRD-K26241953-001-01-0_10_emb_15
272,graphs_combined/CPC018_NPC_24H_BRD-K26241953-001-01-0_10/graph_16.csv,CPC018_NPC_24H_BRD-K26241953-001-01-0_10_emb_16
273,graphs_combined/CPC018_NPC_24H_BRD-K26241953-001-01-0_10/graph_17.csv,CPC018_NPC_24H_BRD-K26241953-001-01-0_10_emb_17
274,graphs_combined/CPC018_SKB_24H_BRD-A46747628-001-01-9_10/graph_1.csv,CPC018_SKB_24H_BRD-A46747628-001-01-9_10_emb_1
275,graphs_combined/CPC018_SKB_24H_BRD-A46747628-001-01-9_10/graph_10.csv,CPC018_SKB_24H_BRD-A46747628-001-01-9_10_emb_10
276,graphs_combined/CPC018_SKB_24H_BRD-A46747628-001-01-9_10/graph_100.csv,CPC018_SKB_24H_BRD-A46747628-001-01-9_10_emb_100
277,graphs_combined/CPC018_SKB_24H_BRD-A46747628-001-01-9_10/graph_11.csv,CPC018_SKB_24H_BRD-A46747628-001-01-9_10_emb_11
278,graphs_combined/CPC018_SKB_24H_BRD-A46747628-001-01-9_10/graph_12.csv,CPC018_SKB_24H_BRD-A46747628-001-01-9_10_emb_12
279,graphs_combined/CPC018_SKB_24H_BRD-A46747628-001-01-9_10/graph_13.csv,CPC018_SKB_24H_BRD-A46747628-001-01-9_10_emb_13
280,graphs_combined/CPC018_SKB_24H_BRD-A46747628-001-01-9_10/graph_14.csv,CPC018_SKB_24H_BRD-A46747628-001-01-9_10_emb_14
281,graphs_combined/CPC018_SKB_24H_BRD-A46747628-001-01-9_10/graph_15.csv,CPC018_SKB_24H_BRD-A46747628-001-01-9_10_emb_15
282,graphs_combined/CPC018_SKB_24H_BRD-A46747628-001-01-9_10/graph_16.csv,CPC018_SKB_24H_BRD-A46747628-001-01-9_10_emb_16
283,graphs_combined/CPC018_SKB_24H_BRD-A46747628-001-01-9_10/graph_17.csv,CPC018_SKB_24H_BRD-A46747628-001-01-9_10_emb_17
284,graphs_combined/CPC018_SKB_24H_BRD-A52530684-001-01-1_10/graph_1.csv,CPC018_SKB_24H_BRD-A52530684-001-01-1_10_emb_1
285,graphs_combined/CPC018_SKB_24H_BRD-A52530684-001-01-1_10/graph_10.csv,CPC018_SKB_24H_BRD-A52530684-001-01-1_10_emb_10
286,graphs_combined/CPC018_SKB_24H_BRD-A52530684-001-01-1_10/graph_100.csv,CPC018_SKB_24H_BRD-A52530684-001-01-1_10_emb_100
287,graphs_combined/CPC018_SKB_24H_BRD-A52530684-001-01-1_10/graph_11.csv,CPC018_SKB_24H_BRD-A52530684-001-01-1_10_emb_11
288,graphs_combined/CPC018_SKB_24H_BRD-A52530684-001-01-1_10/graph_12.csv,CPC018_SKB_24H_BRD-A52530684-001-01-1_10_emb_12
289,graphs_combined/CPC018_SKB_24H_BRD-A52530684-001-01-1_10/graph_13.csv,CPC018_SKB_24H_BRD-A52530684-001-01-1_10_emb_13
290,graphs_combined/CPC018_SKB_24H_BRD-A52530684-001-01-1_10/graph_14.csv,CPC018_SKB_24H_BRD-A52530684-001-01-1_10_emb_14
291,graphs_combined/CPC018_SKB_24H_BRD-A52530684-001-01-1_10/graph_15.csv,CPC018_SKB_24H_BRD-A52530684-001-01-1_10_emb_15
292,graphs_combined/CPC018_SKB_24H_BRD-A52530684-001-01-1_10/graph_16.csv,CPC018_SKB_24H_BRD-A52530684-001-01-1_10_emb_16
293,graphs_combined/CPC018_SKB_24H_BRD-A52530684-001-01-1_10/graph_17.csv,CPC018_SKB_24H_BRD-A52530684-001-01-1_10_emb_17
294,graphs_combined/CPC020_VCAP_24H_BRD-A63445921-003-02-6_10/graph_1.csv,CPC020_VCAP_24H_BRD-A63445921-003-02-6_10_emb_1
295,graphs_combined/CPC020_VCAP_24H_BRD-A63445921-003-02-6_10/graph_10.csv,CPC020_VCAP_24H_BRD-A63445921-003-02-6_10_emb_10
296,graphs_combined/CPC020_VCAP_24H_BRD-A63445921-003-02-6_10/graph_11.csv,CPC020_VCAP_24H_BRD-A63445921-003-02-6_10_emb_11
297,graphs_combined/CPC020_VCAP_24H_BRD-A63445921-003-02-6_10/graph_12.csv,CPC020_VCAP_24H_BRD-A63445921-003-02-6_10_emb_12
298,graphs_combined/CPC020_VCAP_24H_BRD-A63445921-003-02-6_10/graph_13.csv,CPC020_VCAP_24H_BRD-A63445921-003-02-6_10_emb_13
299,graphs_combined/CPC020_VCAP_24H_BRD-A63445921-003-02-6_10/graph_14.csv,CPC020_VCAP_24H_BRD-A63445921-003-02-6_10_emb_14
300,graphs_combined/CPC020_VCAP_24H_BRD-A63445921-003-02-6_10/graph_15.csv,CPC020_VCAP_24H_BRD-A63445921-003-02-6_10_emb_15
301,graphs_combined/CPC020_VCAP_24H_BRD-A63445921-003-02-6_10/graph_16.csv,CPC020_VCAP_24H_BRD-A63445921-003-02-6_10_emb_16
302,graphs_combined/CPC020_VCAP_24H_BRD-A63445921-003-02-6_10/graph_17.csv,CPC020_VCAP_24H_BRD-A63445921-003-02-6_10_emb_17
303,graphs_combined/CPC020_VCAP_24H_BRD-A63445921-003-02-6_10/graph_18.csv,CPC020_VCAP_24H_BRD-A63445921-003-02-6_10_emb_18
304,graphs_combined/CPD001_PC3_24H_BRD-K21680192-300-11-0_10/graph_1.csv,CPD001_PC3_24H_BRD-K21680192-300-11-0_10_emb_1
305,graphs_combined/CPD001_PC3_24H_BRD-K21680192-300-11-0_10/graph_10.csv,CPD001_PC3_24H_BRD-K21680192-300-11-0_10_emb_10
306,graphs_combined/CPD001_PC3_24H_BRD-K21680192-300-11-0_10/graph_11.csv,CPD001_PC3_24H_BRD-K21680192-300-11-0_10_emb_11
307,graphs_combined/CPD001_PC3_24H_BRD-K21680192-300-11-0_10/graph_12.csv,CPD001_PC3_24H_BRD-K21680192-300-11-0_10_emb_12
308,graphs_combined/CPD001_PC3_24H_BRD-K21680192-300-11-0_10/graph_13.csv,CPD001_PC3_24H_BRD-K21680192-300-11-0_10_emb_13
309,graphs_combined/CPD001_PC3_24H_BRD-K21680192-300-11-0_10/graph_14.csv,CPD001_PC3_24H_BRD-K21680192-300-11-0_10_emb_14
310,graphs_combined/CPD001_PC3_24H_BRD-K21680192-300-11-0_10/graph_15.csv,CPD001_PC3_24H_BRD-K21680192-300-11-0_10_emb_15
311,graphs_combined/CPD001_PC3_24H_BRD-K21680192-300-11-0_10/graph_16.csv,CPD001_PC3_24H_BRD-K21680192-300-11-0_10_emb_16
312,graphs_combined/CPD001_PC3_24H_BRD-K21680192-300-11-0_10/graph_17.csv,CPD001_PC3_24H_BRD-K21680192-300-11-0_10_emb_17
313,graphs_combined/CPD001_PC3_24H_BRD-K21680192-300-11-0_10/graph_18.csv,CPD001_PC3_24H_BRD-K21680192-300-11-0_10_emb_18
314,graphs_combined/CPD002_MCF7_24H_BRD-K04949373-001-01-6_10/graph_1.csv,CPD002_MCF7_24H_BRD-K04949373-001-01-6_10_emb_1
315,graphs_combined/CPD002_MCF7_24H_BRD-K04949373-001-01-6_10/graph_10.csv,CPD002_MCF7_24H_BRD-K04949373-001-01-6_10_emb_10
316,graphs_combined/CPD002_MCF7_24H_BRD-K04949373-001-01-6_10/graph_11.csv,CPD002_MCF7_24H_BRD-K04949373-001-01-6_10_emb_11
317,graphs_combined/CPD002_MCF7_24H_BRD-K04949373-001-01-6_10/graph_12.csv,CPD002_MCF7_24H_BRD-K04949373-001-01-6_10_emb_12
318,graphs_combined/CPD002_MCF7_24H_BRD-K04949373-001-01-6_10/graph_13.csv,CPD002_MCF7_24H_BRD-K04949373-001-01-6_10_emb_13
319,graphs_combined/CPD002_MCF7_24H_BRD-K04949373-001-01-6_10/graph_14.csv,CPD002_MCF7_24H_BRD-K04949373-001-01-6_10_emb_14
320,graphs_combined/CPD002_MCF7_24H_BRD-K04949373-001-01-6_10/graph_15.csv,CPD002_MCF7_24H_BRD-K04949373-001-01-6_10_emb_15
321,graphs_combined/CPD002_MCF7_24H_BRD-K04949373-001-01-6_10/graph_16.csv,CPD002_MCF7_24H_BRD-K04949373-001-01-6_10_emb_16
322,graphs_combined/CPD002_MCF7_24H_BRD-K04949373-001-01-6_10/graph_17.csv,CPD002_MCF7_24H_BRD-K04949373-001-01-6_10_emb_17
323,graphs_combined/CPD002_MCF7_24H_BRD-K04949373-001-01-6_10/graph_18.csv,CPD002_MCF7_24H_BRD-K04949373-001-01-6_10_emb_18
324,graphs_combined/CPD003_PC3_24H_BRD-K28026280-001-01-7_10/graph_1.csv,CPD003_PC3_24H_BRD-K28026280-001-01-7_10_emb_1
325,graphs_combined/CPD003_PC3_24H_BRD-K28026280-001-01-7_10/graph_10.csv,CPD003_PC3_24H_BRD-K28026280-001-01-7_10_emb_10
326,graphs_combined/CPD003_PC3_24H_BRD-K28026280-001-01-7_10/graph_100.csv,CPD003_PC3_24H_BRD-K28026280-001-01-7_10_emb_100
327,graphs_combined/CPD003_PC3_24H_BRD-K28026280-001-01-7_10/graph_11.csv,CPD003_PC3_24H_BRD-K28026280-001-01-7_10_emb_11
328,graphs_combined/CPD003_PC3_24H_BRD-K28026280-001-01-7_10/graph_12.csv,CPD003_PC3_24H_BRD-K28026280-001-01-7_10_emb_12
329,graphs_combined/CPD003_PC3_24H_BRD-K28026280-001-01-7_10/graph_13.csv,CPD003_PC3_24H_BRD-K28026280-001-01-7_10_emb_13
330,graphs_combined/CPD003_PC3_24H_BRD-K28026280-001-01-7_10/graph_14.csv,CPD003_PC3_24H_BRD-K28026280-001-01-7_10_emb_14
331,graphs_combined/CPD003_PC3_24H_BRD-K28026280-001-01-7_10/graph_15.csv,CPD003_PC3_24H_BRD-K28026280-001-01-7_10_emb_15
332,graphs_combined/CPD003_PC3_24H_BRD-K28026280-001-01-7_10/graph_16.csv,CPD003_PC3_24H_BRD-K28026280-001-01-7_10_emb_16
333,graphs_combined/CPD003_PC3_24H_BRD-K28026280-001-01-7_10/graph_17.csv,CPD003_PC3_24H_BRD-K28026280-001-01-7_10_emb_17
334,graphs_combined/CRCGN004_HA1E_24H_BRD-K81418486-001-31-9_10UM/graph_1.csv,CRCGN004_HA1E_24H_BRD-K81418486-001-31-9_10UM_emb_1
335,graphs_combined/CRCGN004_HA1E_24H_BRD-K81418486-001-31-9_10UM/graph_10.csv,CRCGN004_HA1E_24H_BRD-K81418486-001-31-9_10UM_emb_10
336,graphs_combined/CRCGN004_HA1E_24H_BRD-K81418486-001-31-9_10UM/graph_11.csv,CRCGN004_HA1E_24H_BRD-K81418486-001-31-9_10UM_emb_11
337,graphs_combined/CRCGN004_HA1E_24H_BRD-K81418486-001-31-9_10UM/graph_12.csv,CRCGN004_HA1E_24H_BRD-K81418486-001-31-9_10UM_emb_12
338,graphs_combined/CRCGN004_HA1E_24H_BRD-K81418486-001-31-9_10UM/graph_13.csv,CRCGN004_HA1E_24H_BRD-K81418486-001-31-9_10UM_emb_13
339,graphs_combined/CRCGN004_HA1E_24H_BRD-K81418486-001-31-9_10UM/graph_14.csv,CRCGN004_HA1E_24H_BRD-K81418486-001-31-9_10UM_emb_14
340,graphs_combined/CRCGN004_HA1E_24H_BRD-K81418486-001-31-9_10UM/graph_15.csv,CRCGN004_HA1E_24H_BRD-K81418486-001-31-9_10UM_emb_15
341,graphs_combined/CRCGN004_HA1E_24H_BRD-K81418486-001-31-9_10UM/graph_16.csv,CRCGN004_HA1E_24H_BRD-K81418486-001-31-9_10UM_emb_16
342,graphs_combined/CRCGN004_HA1E_24H_BRD-K81418486-001-31-9_10UM/graph_17.csv,CRCGN004_HA1E_24H_BRD-K81418486-001-31-9_10UM_emb_17
343,graphs_combined/CRCGN004_HA1E_24H_BRD-K81418486-001-31-9_10UM/graph_18.csv,CRCGN004_HA1E_24H_BRD-K81418486-001-31-9_10UM_emb_18
344,graphs_combined/CVD001_HEPG2_24H_BRD-A19500257_10/graph_1.csv,CVD001_HEPG2_24H_BRD-A19500257_10_emb_1
345,graphs_combined/CVD001_HEPG2_24H_BRD-A19500257_10/graph_10.csv,CVD001_HEPG2_24H_BRD-A19500257_10_emb_10
346,graphs_combined/CVD001_HEPG2_24H_BRD-A19500257_10/graph_100.csv,CVD001_HEPG2_24H_BRD-A19500257_10_emb_100
347,graphs_combined/CVD001_HEPG2_24H_BRD-A19500257_10/graph_11.csv,CVD001_HEPG2_24H_BRD-A19500257_10_emb_11
348,graphs_combined/CVD001_HEPG2_24H_BRD-A19500257_10/graph_12.csv,CVD001_HEPG2_24H_BRD-A19500257_10_emb_12
349,graphs_combined/CVD001_HEPG2_24H_BRD-A19500257_10/graph_13.csv,CVD001_HEPG2_24H_BRD-A19500257_10_emb_13
350,graphs_combined/CVD001_HEPG2_24H_BRD-A19500257_10/graph_14.csv,CVD001_HEPG2_24H_BRD-A19500257_10_emb_14
351,graphs_combined/CVD001_HEPG2_24H_BRD-A19500257_10/graph_15.csv,CVD001_HEPG2_24H_BRD-A19500257_10_emb_15
352,graphs_combined/CVD001_HEPG2_24H_BRD-A19500257_10/graph_16.csv,CVD001_HEPG2_24H_BRD-A19500257_10_emb_16
353,graphs_combined/CVD001_HEPG2_24H_BRD-A19500257_10/graph_17.csv,CVD001_HEPG2_24H_BRD-A19500257_10_emb_17
354,graphs_combined/CVD001_HEPG2_24H_BRD-K81418486_10/graph_1.csv,CVD001_HEPG2_24H_BRD-K81418486_10_emb_1
355,graphs_combined/CVD001_HEPG2_24H_BRD-K81418486_10/graph_10.csv,CVD001_HEPG2_24H_BRD-K81418486_10_emb_10
356,graphs_combined/CVD001_HEPG2_24H_BRD-K81418486_10/graph_100.csv,CVD001_HEPG2_24H_BRD-K81418486_10_emb_100
357,graphs_combined/CVD001_HEPG2_24H_BRD-K81418486_10/graph_11.csv,CVD001_HEPG2_24H_BRD-K81418486_10_emb_11
358,graphs_combined/CVD001_HEPG2_24H_BRD-K81418486_10/graph_12.csv,CVD001_HEPG2_24H_BRD-K81418486_10_emb_12
359,graphs_combined/CVD001_HEPG2_24H_BRD-K81418486_10/graph_13.csv,CVD001_HEPG2_24H_BRD-K81418486_10_emb_13
360,graphs_combined/CVD001_HEPG2_24H_BRD-K81418486_10/graph_14.csv,CVD001_HEPG2_24H_BRD-K81418486_10_emb_14
361,graphs_combined/CVD001_HEPG2_24H_BRD-K81418486_10/graph_15.csv,CVD001_HEPG2_24H_BRD-K81418486_10_emb_15
362,graphs_combined/CVD001_HEPG2_24H_BRD-K81418486_10/graph_16.csv,CVD001_HEPG2_24H_BRD-K81418486_10_emb_16
363,graphs_combined/CVD001_HEPG2_24H_BRD-K81418486_10/graph_17.csv,CVD001_HEPG2_24H_BRD-K81418486_10_emb_17
364,graphs_combined/DEB001_MCF7_6H_BRD-K88378636-001-02-8_10/graph_1.csv,DEB001_MCF7_6H_BRD-K88378636-001-02-8_10_emb_1
365,graphs_combined/DEB001_MCF7_6H_BRD-K88378636-001-02-8_10/graph_10.csv,DEB001_MCF7_6H_BRD-K88378636-001-02-8_10_emb_10
366,graphs_combined/DEB001_MCF7_6H_BRD-K88378636-001-02-8_10/graph_100.csv,DEB001_MCF7_6H_BRD-K88378636-001-02-8_10_emb_100
367,graphs_combined/DEB001_MCF7_6H_BRD-K88378636-001-02-8_10/graph_11.csv,DEB001_MCF7_6H_BRD-K88378636-001-02-8_10_emb_11
368,graphs_combined/DEB001_MCF7_6H_BRD-K88378636-001-02-8_10/graph_12.csv,DEB001_MCF7_6H_BRD-K88378636-001-02-8_10_emb_12
369,graphs_combined/DEB001_MCF7_6H_BRD-K88378636-001-02-8_10/graph_13.csv,DEB001_MCF7_6H_BRD-K88378636-001-02-8_10_emb_13
370,graphs_combined/DEB001_MCF7_6H_BRD-K88378636-001-02-8_10/graph_14.csv,DEB001_MCF7_6H_BRD-K88378636-001-02-8_10_emb_14
371,graphs_combined/DEB001_MCF7_6H_BRD-K88378636-001-02-8_10/graph_15.csv,DEB001_MCF7_6H_BRD-K88378636-001-02-8_10_emb_15
372,graphs_combined/DEB001_MCF7_6H_BRD-K88378636-001-02-8_10/graph_16.csv,DEB001_MCF7_6H_BRD-K88378636-001-02-8_10_emb_16
373,graphs_combined/DEB001_MCF7_6H_BRD-K88378636-001-02-8_10/graph_17.csv,DEB001_MCF7_6H_BRD-K88378636-001-02-8_10_emb_17
374,graphs_combined/DOS013_VCAP_24H_BRD-A19500257_10/graph_1.csv,DOS013_VCAP_24H_BRD-A19500257_10_emb_1
375,graphs_combined/DOS013_VCAP_24H_BRD-A19500257_10/graph_10.csv,DOS013_VCAP_24H_BRD-A19500257_10_emb_10
376,graphs_combined/DOS013_VCAP_24H_BRD-A19500257_10/graph_100.csv,DOS013_VCAP_24H_BRD-A19500257_10_emb_100
377,graphs_combined/DOS013_VCAP_24H_BRD-A19500257_10/graph_11.csv,DOS013_VCAP_24H_BRD-A19500257_10_emb_11
378,graphs_combined/DOS013_VCAP_24H_BRD-A19500257_10/graph_12.csv,DOS013_VCAP_24H_BRD-A19500257_10_emb_12
379,graphs_combined/DOS013_VCAP_24H_BRD-A19500257_10/graph_13.csv,DOS013_VCAP_24H_BRD-A19500257_10_emb_13
380,graphs_combined/DOS013_VCAP_24H_BRD-A19500257_10/graph_14.csv,DOS013_VCAP_24H_BRD-A19500257_10_emb_14
381,graphs_combined/DOS013_VCAP_24H_BRD-A19500257_10/graph_15.csv,DOS013_VCAP_24H_BRD-A19500257_10_emb_15
382,graphs_combined/DOS013_VCAP_24H_BRD-A19500257_10/graph_16.csv,DOS013_VCAP_24H_BRD-A19500257_10_emb_16
383,graphs_combined/DOS013_VCAP_24H_BRD-A19500257_10/graph_17.csv,DOS013_VCAP_24H_BRD-A19500257_10_emb_17
384,graphs_combined/DOS033_PC3_24H_BRD-A19500257_10/graph_1.csv,DOS033_PC3_24H_BRD-A19500257_10_emb_1
385,graphs_combined/DOS033_PC3_24H_BRD-A19500257_10/graph_10.csv,DOS033_PC3_24H_BRD-A19500257_10_emb_10
386,graphs_combined/DOS033_PC3_24H_BRD-A19500257_10/graph_100.csv,DOS033_PC3_24H_BRD-A19500257_10_emb_100
387,graphs_combined/DOS033_PC3_24H_BRD-A19500257_10/graph_11.csv,DOS033_PC3_24H_BRD-A19500257_10_emb_11
388,graphs_combined/DOS033_PC3_24H_BRD-A19500257_10/graph_12.csv,DOS033_PC3_24H_BRD-A19500257_10_emb_12
389,graphs_combined/DOS033_PC3_24H_BRD-A19500257_10/graph_13.csv,DOS033_PC3_24H_BRD-A19500257_10_emb_13
390,graphs_combined/DOS033_PC3_24H_BRD-A19500257_10/graph_14.csv,DOS033_PC3_24H_BRD-A19500257_10_emb_14
391,graphs_combined/DOS033_PC3_24H_BRD-A19500257_10/graph_15.csv,DOS033_PC3_24H_BRD-A19500257_10_emb_15
392,graphs_combined/DOS033_PC3_24H_BRD-A19500257_10/graph_16.csv,DOS033_PC3_24H_BRD-A19500257_10_emb_16
393,graphs_combined/DOS033_PC3_24H_BRD-A19500257_10/graph_17.csv,DOS033_PC3_24H_BRD-A19500257_10_emb_17
394,graphs_combined/DOS060_HT29_24H_BRD-A19500257_10/graph_1.csv,DOS060_HT29_24H_BRD-A19500257_10_emb_1
395,graphs_combined/DOS060_HT29_24H_BRD-A19500257_10/graph_10.csv,DOS060_HT29_24H_BRD-A19500257_10_emb_10
396,graphs_combined/DOS060_HT29_24H_BRD-A19500257_10/graph_100.csv,DOS060_HT29_24H_BRD-A19500257_10_emb_100
397,graphs_combined/DOS060_HT29_24H_BRD-A19500257_10/graph_11.csv,DOS060_HT29_24H_BRD-A19500257_10_emb_11
398,graphs_combined/DOS060_HT29_24H_BRD-A19500257_10/graph_12.csv,DOS060_HT29_24H_BRD-A19500257_10_emb_12
399,graphs_combined/DOS060_HT29_24H_BRD-A19500257_10/graph_13.csv,DOS060_HT29_24H_BRD-A19500257_10_emb_13
400,graphs_combined/DOS060_HT29_24H_BRD-A19500257_10/graph_14.csv,DOS060_HT29_24H_BRD-A19500257_10_emb_14
401,graphs_combined/DOS060_HT29_24H_BRD-A19500257_10/graph_15.csv,DOS060_HT29_24H_BRD-A19500257_10_emb_15
402,graphs_combined/DOS060_HT29_24H_BRD-A19500257_10/graph_16.csv,DOS060_HT29_24H_BRD-A19500257_10_emb_16
403,graphs_combined/DOS060_HT29_24H_BRD-A19500257_10/graph_17.csv,DOS060_HT29_24H_BRD-A19500257_10_emb_17
404,graphs_combined/HDAC001_MCF7_24H_BRD-K52313696-001-08-1_10/graph_1.csv,HDAC001_MCF7_24H_BRD-K52313696-001-08-1_10_emb_1
405,graphs_combined/HDAC001_MCF7_24H_BRD-K52313696-001-08-1_10/graph_10.csv,HDAC001_MCF7_24H_BRD-K52313696-001-08-1_10_emb_10
406,graphs_combined/HDAC001_MCF7_24H_BRD-K52313696-001-08-1_10/graph_100.csv,HDAC001_MCF7_24H_BRD-K52313696-001-08-1_10_emb_100
407,graphs_combined/HDAC001_MCF7_24H_BRD-K52313696-001-08-1_10/graph_11.csv,HDAC001_MCF7_24H_BRD-K52313696-001-08-1_10_emb_11
408,graphs_combined/HDAC001_MCF7_24H_BRD-K52313696-001-08-1_10/graph_12.csv,HDAC001_MCF7_24H_BRD-K52313696-001-08-1_10_emb_12
409,graphs_combined/HDAC001_MCF7_24H_BRD-K52313696-001-08-1_10/graph_13.csv,HDAC001_MCF7_24H_BRD-K52313696-001-08-1_10_emb_13
410,graphs_combined/HDAC001_MCF7_24H_BRD-K52313696-001-08-1_10/graph_14.csv,HDAC001_MCF7_24H_BRD-K52313696-001-08-1_10_emb_14
411,graphs_combined/HDAC001_MCF7_24H_BRD-K52313696-001-08-1_10/graph_15.csv,HDAC001_MCF7_24H_BRD-K52313696-001-08-1_10_emb_15
412,graphs_combined/HDAC001_MCF7_24H_BRD-K52313696-001-08-1_10/graph_16.csv,HDAC001_MCF7_24H_BRD-K52313696-001-08-1_10_emb_16
413,graphs_combined/HDAC001_MCF7_24H_BRD-K52313696-001-08-1_10/graph_17.csv,HDAC001_MCF7_24H_BRD-K52313696-001-08-1_10_emb_17
414,graphs_combined/LJP001_MCF7_6H_BRD-K92571446-001-01-4_10/graph_1.csv,LJP001_MCF7_6H_BRD-K92571446-001-01-4_10_emb_1
415,graphs_combined/LJP001_MCF7_6H_BRD-K92571446-001-01-4_10/graph_10.csv,LJP001_MCF7_6H_BRD-K92571446-001-01-4_10_emb_10
416,graphs_combined/LJP001_MCF7_6H_BRD-K92571446-001-01-4_10/graph_100.csv,LJP001_MCF7_6H_BRD-K92571446-001-01-4_10_emb_100
417,graphs_combined/LJP001_MCF7_6H_BRD-K92571446-001-01-4_10/graph_11.csv,LJP001_MCF7_6H_BRD-K92571446-001-01-4_10_emb_11
418,graphs_combined/LJP001_MCF7_6H_BRD-K92571446-001-01-4_10/graph_12.csv,LJP001_MCF7_6H_BRD-K92571446-001-01-4_10_emb_12
419,graphs_combined/LJP001_MCF7_6H_BRD-K92571446-001-01-4_10/graph_13.csv,LJP001_MCF7_6H_BRD-K92571446-001-01-4_10_emb_13
420,graphs_combined/LJP001_MCF7_6H_BRD-K92571446-001-01-4_10/graph_14.csv,LJP001_MCF7_6H_BRD-K92571446-001-01-4_10_emb_14
421,graphs_combined/LJP001_MCF7_6H_BRD-K92571446-001-01-4_10/graph_15.csv,LJP001_MCF7_6H_BRD-K92571446-001-01-4_10_emb_15
422,graphs_combined/LJP001_MCF7_6H_BRD-K92571446-001-01-4_10/graph_16.csv,LJP001_MCF7_6H_BRD-K92571446-001-01-4_10_emb_16
423,graphs_combined/LJP001_MCF7_6H_BRD-K92571446-001-01-4_10/graph_17.csv,LJP001_MCF7_6H_BRD-K92571446-001-01-4_10_emb_17
424,graphs_combined/LJP001_MCF7_6H_BRD-K93747373-001-01-6_10/graph_1.csv,LJP001_MCF7_6H_BRD-K93747373-001-01-6_10_emb_1
425,graphs_combined/LJP001_MCF7_6H_BRD-K93747373-001-01-6_10/graph_10.csv,LJP001_MCF7_6H_BRD-K93747373-001-01-6_10_emb_10
426,graphs_combined/LJP001_MCF7_6H_BRD-K93747373-001-01-6_10/graph_100.csv,LJP001_MCF7_6H_BRD-K93747373-001-01-6_10_emb_100
427,graphs_combined/LJP001_MCF7_6H_BRD-K93747373-001-01-6_10/graph_11.csv,LJP001_MCF7_6H_BRD-K93747373-001-01-6_10_emb_11
428,graphs_combined/LJP001_MCF7_6H_BRD-K93747373-001-01-6_10/graph_12.csv,LJP001_MCF7_6H_BRD-K93747373-001-01-6_10_emb_12
429,graphs_combined/LJP001_MCF7_6H_BRD-K93747373-001-01-6_10/graph_13.csv,LJP001_MCF7_6H_BRD-K93747373-001-01-6_10_emb_13
430,graphs_combined/LJP001_MCF7_6H_BRD-K93747373-001-01-6_10/graph_14.csv,LJP001_MCF7_6H_BRD-K93747373-001-01-6_10_emb_14
431,graphs_combined/LJP001_MCF7_6H_BRD-K93747373-001-01-6_10/graph_15.csv,LJP001_MCF7_6H_BRD-K93747373-001-01-6_10_emb_15
432,graphs_combined/LJP001_MCF7_6H_BRD-K93747373-001-01-6_10/graph_16.csv,LJP001_MCF7_6H_BRD-K93747373-001-01-6_10_emb_16
433,graphs_combined/LJP001_MCF7_6H_BRD-K93747373-001-01-6_10/graph_17.csv,LJP001_MCF7_6H_BRD-K93747373-001-01-6_10_emb_17
434,graphs_combined/LJP002_MCF7_6H_BRD-K02708799-001-01-4_10/graph_1.csv,LJP002_MCF7_6H_BRD-K02708799-001-01-4_10_emb_1
435,graphs_combined/LJP002_MCF7_6H_BRD-K02708799-001-01-4_10/graph_10.csv,LJP002_MCF7_6H_BRD-K02708799-001-01-4_10_emb_10
436,graphs_combined/LJP002_MCF7_6H_BRD-K02708799-001-01-4_10/graph_100.csv,LJP002_MCF7_6H_BRD-K02708799-001-01-4_10_emb_100
437,graphs_combined/LJP002_MCF7_6H_BRD-K02708799-001-01-4_10/graph_11.csv,LJP002_MCF7_6H_BRD-K02708799-001-01-4_10_emb_11
438,graphs_combined/LJP002_MCF7_6H_BRD-K02708799-001-01-4_10/graph_12.csv,LJP002_MCF7_6H_BRD-K02708799-001-01-4_10_emb_12
439,graphs_combined/LJP002_MCF7_6H_BRD-K02708799-001-01-4_10/graph_13.csv,LJP002_MCF7_6H_BRD-K02708799-001-01-4_10_emb_13
440,graphs_combined/LJP002_MCF7_6H_BRD-K02708799-001-01-4_10/graph_14.csv,LJP002_MCF7_6H_BRD-K02708799-001-01-4_10_emb_14
441,graphs_combined/LJP002_MCF7_6H_BRD-K02708799-001-01-4_10/graph_15.csv,LJP002_MCF7_6H_BRD-K02708799-001-01-4_10_emb_15
442,graphs_combined/LJP002_MCF7_6H_BRD-K02708799-001-01-4_10/graph_16.csv,LJP002_MCF7_6H_BRD-K02708799-001-01-4_10_emb_16
443,graphs_combined/LJP002_MCF7_6H_BRD-K02708799-001-01-4_10/graph_17.csv,LJP002_MCF7_6H_BRD-K02708799-001-01-4_10_emb_17
444,graphs_combined/LJP002_MCF7_6H_BRD-K61860715-001-01-2_10/graph_1.csv,LJP002_MCF7_6H_BRD-K61860715-001-01-2_10_emb_1
445,graphs_combined/LJP002_MCF7_6H_BRD-K61860715-001-01-2_10/graph_10.csv,LJP002_MCF7_6H_BRD-K61860715-001-01-2_10_emb_10
446,graphs_combined/LJP002_MCF7_6H_BRD-K61860715-001-01-2_10/graph_100.csv,LJP002_MCF7_6H_BRD-K61860715-001-01-2_10_emb_100
447,graphs_combined/LJP002_MCF7_6H_BRD-K61860715-001-01-2_10/graph_11.csv,LJP002_MCF7_6H_BRD-K61860715-001-01-2_10_emb_11
448,graphs_combined/LJP002_MCF7_6H_BRD-K61860715-001-01-2_10/graph_12.csv,LJP002_MCF7_6H_BRD-K61860715-001-01-2_10_emb_12
449,graphs_combined/LJP002_MCF7_6H_BRD-K61860715-001-01-2_10/graph_13.csv,LJP002_MCF7_6H_BRD-K61860715-001-01-2_10_emb_13
450,graphs_combined/LJP002_MCF7_6H_BRD-K61860715-001-01-2_10/graph_14.csv,LJP002_MCF7_6H_BRD-K61860715-001-01-2_10_emb_14
451,graphs_combined/LJP002_MCF7_6H_BRD-K61860715-001-01-2_10/graph_15.csv,LJP002_MCF7_6H_BRD-K61860715-001-01-2_10_emb_15
452,graphs_combined/LJP002_MCF7_6H_BRD-K61860715-001-01-2_10/graph_16.csv,LJP002_MCF7_6H_BRD-K61860715-001-01-2_10_emb_16
453,graphs_combined/LJP002_MCF7_6H_BRD-K61860715-001-01-2_10/graph_17.csv,LJP002_MCF7_6H_BRD-K61860715-001-01-2_10_emb_17
454,graphs_combined/MUC.CP002_MCF7_24H_BRD-K66792149-001-01-8_11.1/graph_1.csv,MUC.CP002_MCF7_24H_BRD-K66792149-001-01-8_11.1_emb_1
455,graphs_combined/MUC.CP002_MCF7_24H_BRD-K66792149-001-01-8_11.1/graph_10.csv,MUC.CP002_MCF7_24H_BRD-K66792149-001-01-8_11.1_emb_10
456,graphs_combined/MUC.CP002_MCF7_24H_BRD-K66792149-001-01-8_11.1/graph_100.csv,MUC.CP002_MCF7_24H_BRD-K66792149-001-01-8_11.1_emb_100
457,graphs_combined/MUC.CP002_MCF7_24H_BRD-K66792149-001-01-8_11.1/graph_11.csv,MUC.CP002_MCF7_24H_BRD-K66792149-001-01-8_11.1_emb_11
458,graphs_combined/MUC.CP002_MCF7_24H_BRD-K66792149-001-01-8_11.1/graph_12.csv,MUC.CP002_MCF7_24H_BRD-K66792149-001-01-8_11.1_emb_12
459,graphs_combined/MUC.CP002_MCF7_24H_BRD-K66792149-001-01-8_11.1/graph_13.csv,MUC.CP002_MCF7_24H_BRD-K66792149-001-01-8_11.1_emb_13
460,graphs_combined/MUC.CP002_MCF7_24H_BRD-K66792149-001-01-8_11.1/graph_14.csv,MUC.CP002_MCF7_24H_BRD-K66792149-001-01-8_11.1_emb_14
461,graphs_combined/MUC.CP002_MCF7_24H_BRD-K66792149-001-01-8_11.1/graph_15.csv,MUC.CP002_MCF7_24H_BRD-K66792149-001-01-8_11.1_emb_15
462,graphs_combined/MUC.CP002_MCF7_24H_BRD-K66792149-001-01-8_11.1/graph_16.csv,MUC.CP002_MCF7_24H_BRD-K66792149-001-01-8_11.1_emb_16
463,graphs_combined/MUC.CP002_MCF7_24H_BRD-K66792149-001-01-8_11.1/graph_17.csv,MUC.CP002_MCF7_24H_BRD-K66792149-001-01-8_11.1_emb_17
464,graphs_combined/MUC.CP002_MCF7_24H_BRD-K94325918-001-03-8_10/graph_1.csv,MUC.CP002_MCF7_24H_BRD-K94325918-001-03-8_10_emb_1
465,graphs_combined/MUC.CP002_MCF7_24H_BRD-K94325918-001-03-8_10/graph_10.csv,MUC.CP002_MCF7_24H_BRD-K94325918-001-03-8_10_emb_10
466,graphs_combined/MUC.CP002_MCF7_24H_BRD-K94325918-001-03-8_10/graph_100.csv,MUC.CP002_MCF7_24H_BRD-K94325918-001-03-8_10_emb_100
467,graphs_combined/MUC.CP002_MCF7_24H_BRD-K94325918-001-03-8_10/graph_11.csv,MUC.CP002_MCF7_24H_BRD-K94325918-001-03-8_10_emb_11
468,graphs_combined/MUC.CP002_MCF7_24H_BRD-K94325918-001-03-8_10/graph_12.csv,MUC.CP002_MCF7_24H_BRD-K94325918-001-03-8_10_emb_12
469,graphs_combined/MUC.CP002_MCF7_24H_BRD-K94325918-001-03-8_10/graph_13.csv,MUC.CP002_MCF7_24H_BRD-K94325918-001-03-8_10_emb_13
470,graphs_combined/MUC.CP002_MCF7_24H_BRD-K94325918-001-03-8_10/graph_14.csv,MUC.CP002_MCF7_24H_BRD-K94325918-001-03-8_10_emb_14
471,graphs_combined/MUC.CP002_MCF7_24H_BRD-K94325918-001-03-8_10/graph_15.csv,MUC.CP002_MCF7_24H_BRD-K94325918-001-03-8_10_emb_15
472,graphs_combined/MUC.CP002_MCF7_24H_BRD-K94325918-001-03-8_10/graph_16.csv,MUC.CP002_MCF7_24H_BRD-K94325918-001-03-8_10_emb_16
473,graphs_combined/MUC.CP002_MCF7_24H_BRD-K94325918-001-03-8_10/graph_17.csv,MUC.CP002_MCF7_24H_BRD-K94325918-001-03-8_10_emb_17
474,graphs_combined/MUC.CP002_MCF7_6H_BRD-K60230970-001-10-0_10/graph_1.csv,MUC.CP002_MCF7_6H_BRD-K60230970-001-10-0_10_emb_1
475,graphs_combined/MUC.CP002_MCF7_6H_BRD-K60230970-001-10-0_10/graph_10.csv,MUC.CP002_MCF7_6H_BRD-K60230970-001-10-0_10_emb_10
476,graphs_combined/MUC.CP002_MCF7_6H_BRD-K60230970-001-10-0_10/graph_11.csv,MUC.CP002_MCF7_6H_BRD-K60230970-001-10-0_10_emb_11
477,graphs_combined/MUC.CP002_MCF7_6H_BRD-K60230970-001-10-0_10/graph_12.csv,MUC.CP002_MCF7_6H_BRD-K60230970-001-10-0_10_emb_12
478,graphs_combined/MUC.CP002_MCF7_6H_BRD-K60230970-001-10-0_10/graph_13.csv,MUC.CP002_MCF7_6H_BRD-K60230970-001-10-0_10_emb_13
479,graphs_combined/MUC.CP002_MCF7_6H_BRD-K60230970-001-10-0_10/graph_14.csv,MUC.CP002_MCF7_6H_BRD-K60230970-001-10-0_10_emb_14
480,graphs_combined/MUC.CP002_MCF7_6H_BRD-K60230970-001-10-0_10/graph_15.csv,MUC.CP002_MCF7_6H_BRD-K60230970-001-10-0_10_emb_15
481,graphs_combined/MUC.CP002_MCF7_6H_BRD-K60230970-001-10-0_10/graph_16.csv,MUC.CP002_MCF7_6H_BRD-K60230970-001-10-0_10_emb_16
482,graphs_combined/MUC.CP002_MCF7_6H_BRD-K60230970-001-10-0_10/graph_17.csv,MUC.CP002_MCF7_6H_BRD-K60230970-001-10-0_10_emb_17
483,graphs_combined/MUC.CP002_MCF7_6H_BRD-K60230970-001-10-0_10/graph_18.csv,MUC.CP002_MCF7_6H_BRD-K60230970-001-10-0_10_emb_18
484,graphs_combined/MUC.CP003_MCF7_24H_BRD-K35960502-001-10-1_10/graph_1.csv,MUC.CP003_MCF7_24H_BRD-K35960502-001-10-1_10_emb_1
485,graphs_combined/MUC.CP003_MCF7_24H_BRD-K35960502-001-10-1_10/graph_10.csv,MUC.CP003_MCF7_24H_BRD-K35960502-001-10-1_10_emb_10
486,graphs_combined/MUC.CP003_MCF7_24H_BRD-K35960502-001-10-1_10/graph_100.csv,MUC.CP003_MCF7_24H_BRD-K35960502-001-10-1_10_emb_100
487,graphs_combined/MUC.CP003_MCF7_24H_BRD-K35960502-001-10-1_10/graph_11.csv,MUC.CP003_MCF7_24H_BRD-K35960502-001-10-1_10_emb_11
488,graphs_combined/MUC.CP003_MCF7_24H_BRD-K35960502-001-10-1_10/graph_12.csv,MUC.CP003_MCF7_24H_BRD-K35960502-001-10-1_10_emb_12
489,graphs_combined/MUC.CP003_MCF7_24H_BRD-K35960502-001-10-1_10/graph_13.csv,MUC.CP003_MCF7_24H_BRD-K35960502-001-10-1_10_emb_13
490,graphs_combined/MUC.CP003_MCF7_24H_BRD-K35960502-001-10-1_10/graph_14.csv,MUC.CP003_MCF7_24H_BRD-K35960502-001-10-1_10_emb_14
491,graphs_combined/MUC.CP003_MCF7_24H_BRD-K35960502-001-10-1_10/graph_15.csv,MUC.CP003_MCF7_24H_BRD-K35960502-001-10-1_10_emb_15
492,graphs_combined/MUC.CP003_MCF7_24H_BRD-K35960502-001-10-1_10/graph_16.csv,MUC.CP003_MCF7_24H_BRD-K35960502-001-10-1_10_emb_16
493,graphs_combined/MUC.CP003_MCF7_24H_BRD-K35960502-001-10-1_10/graph_17.csv,MUC.CP003_MCF7_24H_BRD-K35960502-001-10-1_10_emb_17
494,graphs_combined/MUC.CP003_MCF7_6H_BRD-K23192422-001-01-1_10/graph_1.csv,MUC.CP003_MCF7_6H_BRD-K23192422-001-01-1_10_emb_1
495,graphs_combined/MUC.CP003_MCF7_6H_BRD-K23192422-001-01-1_10/graph_10.csv,MUC.CP003_MCF7_6H_BRD-K23192422-001-01-1_10_emb_10
496,graphs_combined/MUC.CP003_MCF7_6H_BRD-K23192422-001-01-1_10/graph_100.csv,MUC.CP003_MCF7_6H_BRD-K23192422-001-01-1_10_emb_100
497,graphs_combined/MUC.CP003_MCF7_6H_BRD-K23192422-001-01-1_10/graph_11.csv,MUC.CP003_MCF7_6H_BRD-K23192422-001-01-1_10_emb_11
498,graphs_combined/MUC.CP003_MCF7_6H_BRD-K23192422-001-01-1_10/graph_12.csv,MUC.CP003_MCF7_6H_BRD-K23192422-001-01-1_10_emb_12
499,graphs_combined/MUC.CP003_MCF7_6H_BRD-K23192422-001-01-1_10/graph_13.csv,MUC.CP003_MCF7_6H_BRD-K23192422-001-01-1_10_emb_13
500,graphs_combined/MUC.CP003_MCF7_6H_BRD-K23192422-001-01-1_10/graph_14.csv,MUC.CP003_MCF7_6H_BRD-K23192422-001-01-1_10_emb_14
501,graphs_combined/MUC.CP003_MCF7_6H_BRD-K23192422-001-01-1_10/graph_15.csv,MUC.CP003_MCF7_6H_BRD-K23192422-001-01-1_10_emb_15
502,graphs_combined/MUC.CP003_MCF7_6H_BRD-K23192422-001-01-1_10/graph_16.csv,MUC.CP003_MCF7_6H_BRD-K23192422-001-01-1_10_emb_16
503,graphs_combined/MUC.CP003_MCF7_6H_BRD-K23192422-001-01-1_10/graph_17.csv,MUC.CP003_MCF7_6H_BRD-K23192422-001-01-1_10_emb_17
504,graphs_combined/MUC.CP005_MCF7_24H_BRD-K81418486-001-22-8_10/graph_1.csv,MUC.CP005_MCF7_24H_BRD-K81418486-001-22-8_10_emb_1
505,graphs_combined/MUC.CP005_MCF7_24H_BRD-K81418486-001-22-8_10/graph_10.csv,MUC.CP005_MCF7_24H_BRD-K81418486-001-22-8_10_emb_10
506,graphs_combined/MUC.CP005_MCF7_24H_BRD-K81418486-001-22-8_10/graph_11.csv,MUC.CP005_MCF7_24H_BRD-K81418486-001-22-8_10_emb_11
507,graphs_combined/MUC.CP005_MCF7_24H_BRD-K81418486-001-22-8_10/graph_12.csv,MUC.CP005_MCF7_24H_BRD-K81418486-001-22-8_10_emb_12
508,graphs_combined/MUC.CP005_MCF7_24H_BRD-K81418486-001-22-8_10/graph_13.csv,MUC.CP005_MCF7_24H_BRD-K81418486-001-22-8_10_emb_13
509,graphs_combined/MUC.CP005_MCF7_24H_BRD-K81418486-001-22-8_10/graph_14.csv,MUC.CP005_MCF7_24H_BRD-K81418486-001-22-8_10_emb_14
510,graphs_combined/MUC.CP005_MCF7_24H_BRD-K81418486-001-22-8_10/graph_15.csv,MUC.CP005_MCF7_24H_BRD-K81418486-001-22-8_10_emb_15
511,graphs_combined/MUC.CP005_MCF7_24H_BRD-K81418486-001-22-8_10/graph_16.csv,MUC.CP005_MCF7_24H_BRD-K81418486-001-22-8_10_emb_16
512,graphs_combined/MUC.CP005_MCF7_24H_BRD-K81418486-001-22-8_10/graph_17.csv,MUC.CP005_MCF7_24H_BRD-K81418486-001-22-8_10_emb_17
513,graphs_combined/MUC.CP005_MCF7_24H_BRD-K81418486-001-22-8_10/graph_18.csv,MUC.CP005_MCF7_24H_BRD-K81418486-001-22-8_10_emb_18
514,graphs_combined/MUC.CP005_MCF7_6H_BRD-A22684332-003-02-3_10/graph_1.csv,MUC.CP005_MCF7_6H_BRD-A22684332-003-02-3_10_emb_1
515,graphs_combined/MUC.CP005_MCF7_6H_BRD-K12502280-001-01-5_11.1/graph_1.csv,MUC.CP005_MCF7_6H_BRD-K12502280-001-01-5_11.1_emb_1
516,graphs_combined/MUC.CP005_MCF7_6H_BRD-K12502280-001-01-5_11.1/graph_10.csv,MUC.CP005_MCF7_6H_BRD-K12502280-001-01-5_11.1_emb_10
517,graphs_combined/MUC.CP005_MCF7_6H_BRD-K12502280-001-01-5_11.1/graph_100.csv,MUC.CP005_MCF7_6H_BRD-K12502280-001-01-5_11.1_emb_100
518,graphs_combined/MUC.CP005_MCF7_6H_BRD-K12502280-001-01-5_11.1/graph_11.csv,MUC.CP005_MCF7_6H_BRD-K12502280-001-01-5_11.1_emb_11
519,graphs_combined/MUC.CP005_MCF7_6H_BRD-K12502280-001-01-5_11.1/graph_12.csv,MUC.CP005_MCF7_6H_BRD-K12502280-001-01-5_11.1_emb_12
520,graphs_combined/MUC.CP005_MCF7_6H_BRD-K12502280-001-01-5_11.1/graph_13.csv,MUC.CP005_MCF7_6H_BRD-K12502280-001-01-5_11.1_emb_13
521,graphs_combined/MUC.CP005_MCF7_6H_BRD-K12502280-001-01-5_11.1/graph_14.csv,MUC.CP005_MCF7_6H_BRD-K12502280-001-01-5_11.1_emb_14
522,graphs_combined/MUC.CP005_MCF7_6H_BRD-K12502280-001-01-5_11.1/graph_15.csv,MUC.CP005_MCF7_6H_BRD-K12502280-001-01-5_11.1_emb_15
523,graphs_combined/MUC.CP005_MCF7_6H_BRD-K12502280-001-01-5_11.1/graph_16.csv,MUC.CP005_MCF7_6H_BRD-K12502280-001-01-5_11.1_emb_16
524,graphs_combined/MUC.CP005_MCF7_6H_BRD-K12502280-001-01-5_11.1/graph_17.csv,MUC.CP005_MCF7_6H_BRD-K12502280-001-01-5_11.1_emb_17
525,graphs_combined/MUC.CP006_MCF7_24H_BRD-K64890080-001-02-1_10/graph_1.csv,MUC.CP006_MCF7_24H_BRD-K64890080-001-02-1_10_emb_1
526,graphs_combined/MUC.CP006_MCF7_24H_BRD-K64890080-001-02-1_10/graph_2.csv,MUC.CP006_MCF7_24H_BRD-K64890080-001-02-1_10_emb_2
527,graphs_combined/MUC.CP006_MCF7_24H_BRD-K64890080-001-02-1_10/graph_3.csv,MUC.CP006_MCF7_24H_BRD-K64890080-001-02-1_10_emb_3
528,graphs_combined/MUC.CP006_MCF7_6H_BRD-K82823804-001-01-7_10/graph_1.csv,MUC.CP006_MCF7_6H_BRD-K82823804-001-01-7_10_emb_1
529,graphs_combined/MUC.CP006_MCF7_6H_BRD-K82823804-001-01-7_10/graph_10.csv,MUC.CP006_MCF7_6H_BRD-K82823804-001-01-7_10_emb_10
530,graphs_combined/MUC.CP006_MCF7_6H_BRD-K82823804-001-01-7_10/graph_100.csv,MUC.CP006_MCF7_6H_BRD-K82823804-001-01-7_10_emb_100
531,graphs_combined/MUC.CP006_MCF7_6H_BRD-K82823804-001-01-7_10/graph_11.csv,MUC.CP006_MCF7_6H_BRD-K82823804-001-01-7_10_emb_11
532,graphs_combined/MUC.CP006_MCF7_6H_BRD-K82823804-001-01-7_10/graph_12.csv,MUC.CP006_MCF7_6H_BRD-K82823804-001-01-7_10_emb_12
533,graphs_combined/MUC.CP006_MCF7_6H_BRD-K82823804-001-01-7_10/graph_13.csv,MUC.CP006_MCF7_6H_BRD-K82823804-001-01-7_10_emb_13
534,graphs_combined/MUC.CP006_MCF7_6H_BRD-K82823804-001-01-7_10/graph_14.csv,MUC.CP006_MCF7_6H_BRD-K82823804-001-01-7_10_emb_14
535,graphs_combined/MUC.CP006_MCF7_6H_BRD-K82823804-001-01-7_10/graph_15.csv,MUC.CP006_MCF7_6H_BRD-K82823804-001-01-7_10_emb_15
536,graphs_combined/MUC.CP006_MCF7_6H_BRD-K82823804-001-01-7_10/graph_16.csv,MUC.CP006_MCF7_6H_BRD-K82823804-001-01-7_10_emb_16
537,graphs_combined/MUC.CP006_MCF7_6H_BRD-K82823804-001-01-7_10/graph_17.csv,MUC.CP006_MCF7_6H_BRD-K82823804-001-01-7_10_emb_17
538,graphs_combined/NMH001_NEU_24H_BRD-A19500257-001-03-9_10/graph_1.csv,NMH001_NEU_24H_BRD-A19500257-001-03-9_10_emb_1
539,graphs_combined/NMH001_NEU_24H_BRD-A19500257-001-03-9_10/graph_10.csv,NMH001_NEU_24H_BRD-A19500257-001-03-9_10_emb_10
540,graphs_combined/NMH001_NEU_24H_BRD-A19500257-001-03-9_10/graph_100.csv,NMH001_NEU_24H_BRD-A19500257-001-03-9_10_emb_100
541,graphs_combined/NMH001_NEU_24H_BRD-A19500257-001-03-9_10/graph_11.csv,NMH001_NEU_24H_BRD-A19500257-001-03-9_10_emb_11
542,graphs_combined/NMH001_NEU_24H_BRD-A19500257-001-03-9_10/graph_12.csv,NMH001_NEU_24H_BRD-A19500257-001-03-9_10_emb_12
543,graphs_combined/NMH001_NEU_24H_BRD-A19500257-001-03-9_10/graph_13.csv,NMH001_NEU_24H_BRD-A19500257-001-03-9_10_emb_13
544,graphs_combined/NMH001_NEU_24H_BRD-A19500257-001-03-9_10/graph_14.csv,NMH001_NEU_24H_BRD-A19500257-001-03-9_10_emb_14
545,graphs_combined/NMH001_NEU_24H_BRD-A19500257-001-03-9_10/graph_15.csv,NMH001_NEU_24H_BRD-A19500257-001-03-9_10_emb_15
546,graphs_combined/NMH001_NEU_24H_BRD-A19500257-001-03-9_10/graph_16.csv,NMH001_NEU_24H_BRD-A19500257-001-03-9_10_emb_16
547,graphs_combined/NMH001_NEU_24H_BRD-A19500257-001-03-9_10/graph_17.csv,NMH001_NEU_24H_BRD-A19500257-001-03-9_10_emb_17
548,graphs_combined/NMH001_NPC_24H_BRD-K36055864-001-15-0_10/graph_1.csv,NMH001_NPC_24H_BRD-K36055864-001-15-0_10_emb_1
549,graphs_combined/NMH001_NPC_24H_BRD-K36055864-001-15-0_10/graph_10.csv,NMH001_NPC_24H_BRD-K36055864-001-15-0_10_emb_10
550,graphs_combined/NMH001_NPC_24H_BRD-K36055864-001-15-0_10/graph_100.csv,NMH001_NPC_24H_BRD-K36055864-001-15-0_10_emb_100
551,graphs_combined/NMH001_NPC_24H_BRD-K36055864-001-15-0_10/graph_11.csv,NMH001_NPC_24H_BRD-K36055864-001-15-0_10_emb_11
552,graphs_combined/NMH001_NPC_24H_BRD-K36055864-001-15-0_10/graph_12.csv,NMH001_NPC_24H_BRD-K36055864-001-15-0_10_emb_12
553,graphs_combined/NMH001_NPC_24H_BRD-K36055864-001-15-0_10/graph_13.csv,NMH001_NPC_24H_BRD-K36055864-001-15-0_10_emb_13
554,graphs_combined/NMH001_NPC_24H_BRD-K36055864-001-15-0_10/graph_14.csv,NMH001_NPC_24H_BRD-K36055864-001-15-0_10_emb_14
555,graphs_combined/NMH001_NPC_24H_BRD-K36055864-001-15-0_10/graph_15.csv,NMH001_NPC_24H_BRD-K36055864-001-15-0_10_emb_15
556,graphs_combined/NMH001_NPC_24H_BRD-K36055864-001-15-0_10/graph_16.csv,NMH001_NPC_24H_BRD-K36055864-001-15-0_10_emb_16
557,graphs_combined/NMH001_NPC_24H_BRD-K36055864-001-15-0_10/graph_17.csv,NMH001_NPC_24H_BRD-K36055864-001-15-0_10_emb_17
558,graphs_combined/NMH002_FIBRNPC_24H_BRD-A63989068-001-01-2_10/graph_1.csv,NMH002_FIBRNPC_24H_BRD-A63989068-001-01-2_10_emb_1
559,graphs_combined/NMH002_FIBRNPC_24H_BRD-A63989068-001-01-2_10/graph_10.csv,NMH002_FIBRNPC_24H_BRD-A63989068-001-01-2_10_emb_10
560,graphs_combined/NMH002_FIBRNPC_24H_BRD-A63989068-001-01-2_10/graph_100.csv,NMH002_FIBRNPC_24H_BRD-A63989068-001-01-2_10_emb_100
561,graphs_combined/NMH002_FIBRNPC_24H_BRD-A63989068-001-01-2_10/graph_11.csv,NMH002_FIBRNPC_24H_BRD-A63989068-001-01-2_10_emb_11
562,graphs_combined/NMH002_FIBRNPC_24H_BRD-A63989068-001-01-2_10/graph_12.csv,NMH002_FIBRNPC_24H_BRD-A63989068-001-01-2_10_emb_12
563,graphs_combined/NMH002_FIBRNPC_24H_BRD-A63989068-001-01-2_10/graph_13.csv,NMH002_FIBRNPC_24H_BRD-A63989068-001-01-2_10_emb_13
564,graphs_combined/NMH002_FIBRNPC_24H_BRD-A63989068-001-01-2_10/graph_14.csv,NMH002_FIBRNPC_24H_BRD-A63989068-001-01-2_10_emb_14
565,graphs_combined/NMH002_FIBRNPC_24H_BRD-A63989068-001-01-2_10/graph_15.csv,NMH002_FIBRNPC_24H_BRD-A63989068-001-01-2_10_emb_15
566,graphs_combined/NMH002_FIBRNPC_24H_BRD-A63989068-001-01-2_10/graph_16.csv,NMH002_FIBRNPC_24H_BRD-A63989068-001-01-2_10_emb_16
567,graphs_combined/NMH002_FIBRNPC_24H_BRD-A63989068-001-01-2_10/graph_17.csv,NMH002_FIBRNPC_24H_BRD-A63989068-001-01-2_10_emb_17
568,graphs_combined/NMH002_FIBRNPC_24H_BRD-K11528507-001-05-9_10/graph_1.csv,NMH002_FIBRNPC_24H_BRD-K11528507-001-05-9_10_emb_1
569,graphs_combined/NMH002_FIBRNPC_24H_BRD-K11528507-001-05-9_10/graph_10.csv,NMH002_FIBRNPC_24H_BRD-K11528507-001-05-9_10_emb_10
570,graphs_combined/NMH002_FIBRNPC_24H_BRD-K11528507-001-05-9_10/graph_100.csv,NMH002_FIBRNPC_24H_BRD-K11528507-001-05-9_10_emb_100
571,graphs_combined/NMH002_FIBRNPC_24H_BRD-K11528507-001-05-9_10/graph_11.csv,NMH002_FIBRNPC_24H_BRD-K11528507-001-05-9_10_emb_11
572,graphs_combined/NMH002_FIBRNPC_24H_BRD-K11528507-001-05-9_10/graph_12.csv,NMH002_FIBRNPC_24H_BRD-K11528507-001-05-9_10_emb_12
573,graphs_combined/NMH002_FIBRNPC_24H_BRD-K11528507-001-05-9_10/graph_13.csv,NMH002_FIBRNPC_24H_BRD-K11528507-001-05-9_10_emb_13
574,graphs_combined/NMH002_FIBRNPC_24H_BRD-K11528507-001-05-9_10/graph_14.csv,NMH002_FIBRNPC_24H_BRD-K11528507-001-05-9_10_emb_14
575,graphs_combined/NMH002_FIBRNPC_24H_BRD-K11528507-001-05-9_10/graph_15.csv,NMH002_FIBRNPC_24H_BRD-K11528507-001-05-9_10_emb_15
576,graphs_combined/NMH002_FIBRNPC_24H_BRD-K11528507-001-05-9_10/graph_16.csv,NMH002_FIBRNPC_24H_BRD-K11528507-001-05-9_10_emb_16
577,graphs_combined/NMH002_FIBRNPC_24H_BRD-K11528507-001-05-9_10/graph_17.csv,NMH002_FIBRNPC_24H_BRD-K11528507-001-05-9_10_emb_17
578,graphs_combined/NMH002_NEU_24H_BRD-K68202742-001-08-2_10/graph_1.csv,NMH002_NEU_24H_BRD-K68202742-001-08-2_10_emb_1
579,graphs_combined/NMH002_NEU_24H_BRD-K68202742-001-08-2_10/graph_10.csv,NMH002_NEU_24H_BRD-K68202742-001-08-2_10_emb_10
580,graphs_combined/NMH002_NEU_24H_BRD-K68202742-001-08-2_10/graph_11.csv,NMH002_NEU_24H_BRD-K68202742-001-08-2_10_emb_11
581,graphs_combined/NMH002_NEU_24H_BRD-K68202742-001-08-2_10/graph_12.csv,NMH002_NEU_24H_BRD-K68202742-001-08-2_10_emb_12
582,graphs_combined/NMH002_NEU_24H_BRD-K68202742-001-08-2_10/graph_13.csv,NMH002_NEU_24H_BRD-K68202742-001-08-2_10_emb_13
583,graphs_combined/NMH002_NEU_24H_BRD-K68202742-001-08-2_10/graph_14.csv,NMH002_NEU_24H_BRD-K68202742-001-08-2_10_emb_14
584,graphs_combined/NMH002_NEU_24H_BRD-K68202742-001-08-2_10/graph_15.csv,NMH002_NEU_24H_BRD-K68202742-001-08-2_10_emb_15
585,graphs_combined/NMH002_NEU_24H_BRD-K68202742-001-08-2_10/graph_16.csv,NMH002_NEU_24H_BRD-K68202742-001-08-2_10_emb_16
586,graphs_combined/NMH002_NEU_24H_BRD-K68202742-001-08-2_10/graph_17.csv,NMH002_NEU_24H_BRD-K68202742-001-08-2_10_emb_17
587,graphs_combined/NMH002_NEU_24H_BRD-K68202742-001-08-2_10/graph_18.csv,NMH002_NEU_24H_BRD-K68202742-001-08-2_10_emb_18
588,graphs_combined/NMH002_NPC_24H_BRD-A72024019-001-01-7_10/graph_1.csv,NMH002_NPC_24H_BRD-A72024019-001-01-7_10_emb_1
589,graphs_combined/NMH002_NPC_24H_BRD-A72024019-001-01-7_10/graph_10.csv,NMH002_NPC_24H_BRD-A72024019-001-01-7_10_emb_10
590,graphs_combined/NMH002_NPC_24H_BRD-A72024019-001-01-7_10/graph_100.csv,NMH002_NPC_24H_BRD-A72024019-001-01-7_10_emb_100
591,graphs_combined/NMH002_NPC_24H_BRD-A72024019-001-01-7_10/graph_11.csv,NMH002_NPC_24H_BRD-A72024019-001-01-7_10_emb_11
592,graphs_combined/NMH002_NPC_24H_BRD-A72024019-001-01-7_10/graph_12.csv,NMH002_NPC_24H_BRD-A72024019-001-01-7_10_emb_12
593,graphs_combined/NMH002_NPC_24H_BRD-A72024019-001-01-7_10/graph_13.csv,NMH002_NPC_24H_BRD-A72024019-001-01-7_10_emb_13
594,graphs_combined/NMH002_NPC_24H_BRD-A72024019-001-01-7_10/graph_14.csv,NMH002_NPC_24H_BRD-A72024019-001-01-7_10_emb_14
595,graphs_combined/NMH002_NPC_24H_BRD-A72024019-001-01-7_10/graph_15.csv,NMH002_NPC_24H_BRD-A72024019-001-01-7_10_emb_15
596,graphs_combined/NMH002_NPC_24H_BRD-A72024019-001-01-7_10/graph_16.csv,NMH002_NPC_24H_BRD-A72024019-001-01-7_10_emb_16
597,graphs_combined/NMH002_NPC_24H_BRD-A72024019-001-01-7_10/graph_17.csv,NMH002_NPC_24H_BRD-A72024019-001-01-7_10_emb_17
598,graphs_combined/NMH002_NPC_24H_BRD-K64606589-001-02-7_10/graph_1.csv,NMH002_NPC_24H_BRD-K64606589-001-02-7_10_emb_1
599,graphs_combined/NMH002_NPC_24H_BRD-K64606589-001-02-7_10/graph_10.csv,NMH002_NPC_24H_BRD-K64606589-001-02-7_10_emb_10
600,graphs_combined/NMH002_NPC_24H_BRD-K64606589-001-02-7_10/graph_100.csv,NMH002_NPC_24H_BRD-K64606589-001-02-7_10_emb_100
601,graphs_combined/NMH002_NPC_24H_BRD-K64606589-001-02-7_10/graph_11.csv,NMH002_NPC_24H_BRD-K64606589-001-02-7_10_emb_11
602,graphs_combined/NMH002_NPC_24H_BRD-K64606589-001-02-7_10/graph_12.csv,NMH002_NPC_24H_BRD-K64606589-001-02-7_10_emb_12
603,graphs_combined/NMH002_NPC_24H_BRD-K64606589-001-02-7_10/graph_13.csv,NMH002_NPC_24H_BRD-K64606589-001-02-7_10_emb_13
604,graphs_combined/NMH002_NPC_24H_BRD-K64606589-001-02-7_10/graph_14.csv,NMH002_NPC_24H_BRD-K64606589-001-02-7_10_emb_14
605,graphs_combined/NMH002_NPC_24H_BRD-K64606589-001-02-7_10/graph_15.csv,NMH002_NPC_24H_BRD-K64606589-001-02-7_10_emb_15
606,graphs_combined/NMH002_NPC_24H_BRD-K64606589-001-02-7_10/graph_16.csv,NMH002_NPC_24H_BRD-K64606589-001-02-7_10_emb_16
607,graphs_combined/NMH002_NPC_24H_BRD-K64606589-001-02-7_10/graph_17.csv,NMH002_NPC_24H_BRD-K64606589-001-02-7_10_emb_17
608,graphs_combined/NMH002_NPC_24H_BRD-K68202742-001-08-2_10/graph_1.csv,NMH002_NPC_24H_BRD-K68202742-001-08-2_10_emb_1
609,graphs_combined/NMH002_NPC_24H_BRD-K68202742-001-08-2_10/graph_10.csv,NMH002_NPC_24H_BRD-K68202742-001-08-2_10_emb_10
610,graphs_combined/NMH002_NPC_24H_BRD-K68202742-001-08-2_10/graph_100.csv,NMH002_NPC_24H_BRD-K68202742-001-08-2_10_emb_100
611,graphs_combined/NMH002_NPC_24H_BRD-K68202742-001-08-2_10/graph_11.csv,NMH002_NPC_24H_BRD-K68202742-001-08-2_10_emb_11
612,graphs_combined/NMH002_NPC_24H_BRD-K68202742-001-08-2_10/graph_12.csv,NMH002_NPC_24H_BRD-K68202742-001-08-2_10_emb_12
613,graphs_combined/NMH002_NPC_24H_BRD-K68202742-001-08-2_10/graph_13.csv,NMH002_NPC_24H_BRD-K68202742-001-08-2_10_emb_13
614,graphs_combined/NMH002_NPC_24H_BRD-K68202742-001-08-2_10/graph_14.csv,NMH002_NPC_24H_BRD-K68202742-001-08-2_10_emb_14
615,graphs_combined/NMH002_NPC_24H_BRD-K68202742-001-08-2_10/graph_15.csv,NMH002_NPC_24H_BRD-K68202742-001-08-2_10_emb_15
616,graphs_combined/NMH002_NPC_24H_BRD-K68202742-001-08-2_10/graph_16.csv,NMH002_NPC_24H_BRD-K68202742-001-08-2_10_emb_16
617,graphs_combined/NMH002_NPC_24H_BRD-K68202742-001-08-2_10/graph_17.csv,NMH002_NPC_24H_BRD-K68202742-001-08-2_10_emb_17
618,graphs_combined/PCLB002_A375_24H_BRD-K59369769_10/graph_1.csv,PCLB002_A375_24H_BRD-K59369769_10_emb_1
619,graphs_combined/PCLB002_A375_24H_BRD-K59369769_10/graph_10.csv,PCLB002_A375_24H_BRD-K59369769_10_emb_10
620,graphs_combined/PCLB002_A375_24H_BRD-K59369769_10/graph_100.csv,PCLB002_A375_24H_BRD-K59369769_10_emb_100
621,graphs_combined/PCLB002_A375_24H_BRD-K59369769_10/graph_11.csv,PCLB002_A375_24H_BRD-K59369769_10_emb_11
622,graphs_combined/PCLB002_A375_24H_BRD-K59369769_10/graph_12.csv,PCLB002_A375_24H_BRD-K59369769_10_emb_12
623,graphs_combined/PCLB002_A375_24H_BRD-K59369769_10/graph_13.csv,PCLB002_A375_24H_BRD-K59369769_10_emb_13
624,graphs_combined/PCLB002_A375_24H_BRD-K59369769_10/graph_14.csv,PCLB002_A375_24H_BRD-K59369769_10_emb_14
625,graphs_combined/PCLB002_A375_24H_BRD-K59369769_10/graph_15.csv,PCLB002_A375_24H_BRD-K59369769_10_emb_15
626,graphs_combined/PCLB002_A375_24H_BRD-K59369769_10/graph_16.csv,PCLB002_A375_24H_BRD-K59369769_10_emb_16
627,graphs_combined/PCLB002_A375_24H_BRD-K59369769_10/graph_17.csv,PCLB002_A375_24H_BRD-K59369769_10_emb_17
628,graphs_combined/PCLB002_HEPG2_24H_BRD-A58955223_10/graph_1.csv,PCLB002_HEPG2_24H_BRD-A58955223_10_emb_1
629,graphs_combined/PCLB002_HEPG2_24H_BRD-A58955223_10/graph_10.csv,PCLB002_HEPG2_24H_BRD-A58955223_10_emb_10
630,graphs_combined/PCLB002_HEPG2_24H_BRD-A58955223_10/graph_100.csv,PCLB002_HEPG2_24H_BRD-A58955223_10_emb_100
631,graphs_combined/PCLB002_HEPG2_24H_BRD-A58955223_10/graph_11.csv,PCLB002_HEPG2_24H_BRD-A58955223_10_emb_11
632,graphs_combined/PCLB002_HEPG2_24H_BRD-A58955223_10/graph_12.csv,PCLB002_HEPG2_24H_BRD-A58955223_10_emb_12
633,graphs_combined/PCLB002_HEPG2_24H_BRD-A58955223_10/graph_13.csv,PCLB002_HEPG2_24H_BRD-A58955223_10_emb_13
634,graphs_combined/PCLB002_HEPG2_24H_BRD-A58955223_10/graph_14.csv,PCLB002_HEPG2_24H_BRD-A58955223_10_emb_14
635,graphs_combined/PCLB002_HEPG2_24H_BRD-A58955223_10/graph_15.csv,PCLB002_HEPG2_24H_BRD-A58955223_10_emb_15
636,graphs_combined/PCLB002_HEPG2_24H_BRD-A58955223_10/graph_16.csv,PCLB002_HEPG2_24H_BRD-A58955223_10_emb_16
637,graphs_combined/PCLB002_HEPG2_24H_BRD-A58955223_10/graph_17.csv,PCLB002_HEPG2_24H_BRD-A58955223_10_emb_17
638,graphs_combined/PCLB002_MCF7_24H_BRD-K00627859_10/graph_1.csv,PCLB002_MCF7_24H_BRD-K00627859_10_emb_1
639,graphs_combined/PCLB002_MCF7_24H_BRD-K00627859_10/graph_10.csv,PCLB002_MCF7_24H_BRD-K00627859_10_emb_10
640,graphs_combined/PCLB002_MCF7_24H_BRD-K00627859_10/graph_100.csv,PCLB002_MCF7_24H_BRD-K00627859_10_emb_100
641,graphs_combined/PCLB002_MCF7_24H_BRD-K00627859_10/graph_11.csv,PCLB002_MCF7_24H_BRD-K00627859_10_emb_11
642,graphs_combined/PCLB002_MCF7_24H_BRD-K00627859_10/graph_12.csv,PCLB002_MCF7_24H_BRD-K00627859_10_emb_12
643,graphs_combined/PCLB002_MCF7_24H_BRD-K00627859_10/graph_13.csv,PCLB002_MCF7_24H_BRD-K00627859_10_emb_13
644,graphs_combined/PCLB002_MCF7_24H_BRD-K00627859_10/graph_14.csv,PCLB002_MCF7_24H_BRD-K00627859_10_emb_14
645,graphs_combined/PCLB002_MCF7_24H_BRD-K00627859_10/graph_15.csv,PCLB002_MCF7_24H_BRD-K00627859_10_emb_15
646,graphs_combined/PCLB002_MCF7_24H_BRD-K00627859_10/graph_16.csv,PCLB002_MCF7_24H_BRD-K00627859_10_emb_16
647,graphs_combined/PCLB002_MCF7_24H_BRD-K00627859_10/graph_17.csv,PCLB002_MCF7_24H_BRD-K00627859_10_emb_17
648,graphs_combined/PCLB003_PC3_24H_BRD-K64606589-001-03-5_10/graph_1.csv,PCLB003_PC3_24H_BRD-K64606589-001-03-5_10_emb_1
649,graphs_combined/PCLB003_PC3_24H_BRD-K64606589-001-03-5_10/graph_10.csv,PCLB003_PC3_24H_BRD-K64606589-001-03-5_10_emb_10
650,graphs_combined/PCLB003_PC3_24H_BRD-K64606589-001-03-5_10/graph_100.csv,PCLB003_PC3_24H_BRD-K64606589-001-03-5_10_emb_100
651,graphs_combined/PCLB003_PC3_24H_BRD-K64606589-001-03-5_10/graph_11.csv,PCLB003_PC3_24H_BRD-K64606589-001-03-5_10_emb_11
652,graphs_combined/PCLB003_PC3_24H_BRD-K64606589-001-03-5_10/graph_12.csv,PCLB003_PC3_24H_BRD-K64606589-001-03-5_10_emb_12
653,graphs_combined/PCLB003_PC3_24H_BRD-K64606589-001-03-5_10/graph_13.csv,PCLB003_PC3_24H_BRD-K64606589-001-03-5_10_emb_13
654,graphs_combined/PCLB003_PC3_24H_BRD-K64606589-001-03-5_10/graph_14.csv,PCLB003_PC3_24H_BRD-K64606589-001-03-5_10_emb_14
655,graphs_combined/PCLB003_PC3_24H_BRD-K64606589-001-03-5_10/graph_15.csv,PCLB003_PC3_24H_BRD-K64606589-001-03-5_10_emb_15
656,graphs_combined/PCLB003_PC3_24H_BRD-K64606589-001-03-5_10/graph_16.csv,PCLB003_PC3_24H_BRD-K64606589-001-03-5_10_emb_16
657,graphs_combined/PCLB003_PC3_24H_BRD-K64606589-001-03-5_10/graph_17.csv,PCLB003_PC3_24H_BRD-K64606589-001-03-5_10_emb_17
658,graphs_combined/RAD001_HCC515_6H_BRD-A19037878_10/graph_1.csv,RAD001_HCC515_6H_BRD-A19037878_10_emb_1
659,graphs_combined/RAD001_HCC515_6H_BRD-A19037878_10/graph_10.csv,RAD001_HCC515_6H_BRD-A19037878_10_emb_10
660,graphs_combined/RAD001_HCC515_6H_BRD-A19037878_10/graph_100.csv,RAD001_HCC515_6H_BRD-A19037878_10_emb_100
661,graphs_combined/RAD001_HCC515_6H_BRD-A19037878_10/graph_11.csv,RAD001_HCC515_6H_BRD-A19037878_10_emb_11
662,graphs_combined/RAD001_HCC515_6H_BRD-A19037878_10/graph_12.csv,RAD001_HCC515_6H_BRD-A19037878_10_emb_12
663,graphs_combined/RAD001_HCC515_6H_BRD-A19037878_10/graph_13.csv,RAD001_HCC515_6H_BRD-A19037878_10_emb_13
664,graphs_combined/RAD001_HCC515_6H_BRD-A19037878_10/graph_14.csv,RAD001_HCC515_6H_BRD-A19037878_10_emb_14
665,graphs_combined/RAD001_HCC515_6H_BRD-A19037878_10/graph_15.csv,RAD001_HCC515_6H_BRD-A19037878_10_emb_15
666,graphs_combined/RAD001_HCC515_6H_BRD-A19037878_10/graph_16.csv,RAD001_HCC515_6H_BRD-A19037878_10_emb_16
667,graphs_combined/RAD001_HCC515_6H_BRD-A19037878_10/graph_17.csv,RAD001_HCC515_6H_BRD-A19037878_10_emb_17
